,ISO3,Country,CDD,Year_ref,Year_past,GDP_past,GDP,gdp_historical_growth,CDD_ssp1_rcp26_2100,CDD_ssp2_rcp45_2100,CDD_ssp5_rcp60_2100,exposure_times_cdd,ac_adoption,income_group,gdp_const_ssp1_rcp26,gdp_const_ssp2_rcp45,gdp_const_ssp5_rcp60,gdp_const_ssp1_rcp26_custom_exp_cdd,gdp_const_ssp2_rcp45_custom_exp_cdd,gdp_const_ssp5_rcp60_custom_exp_cdd
0,ABW,Aruba,3232.42202,2019,1990,30823.482503317,40780.5164846798,0.0096994136072166,,,,796.7583784749718,0.7535104099819949,high,,,,,,
1,AFG,Afghanistan,876.75506,2019,2002,1280.46317065778,2079.92186098824,0.028946838096623573,1078.0,1346.0,1526.0,858.9756170089921,0.02027868877199046,low,0.023400826198021862,0.029677350039438277,0.03174311972132138,0.044043498110748036,0.043865063531896675,0.04373369423254703
2,AGO,Angola,2169.94281,2019,1990,5793.08451204045,6602.26921128365,0.00451874886480752,1758.0,2389.0,2630.0,1975.2887844995603,0.08970468005119436,lower middle,,0.006442725925005055,0.010029712329068685,0.0287927100426284,0.028404338399855344,0.028276955177304774
3,ALB,Albania,630.35247,2019,1990,4827.02770509029,13653.182207385,0.036503638229296476,828.0,1119.0,1189.0,508.30172731051965,0.19362301013824912,upper middle,0.007815020422151209,0.011752434972266634,0.012271641861596239,0.020123460276793903,0.02004657761383588,0.020003044180522123
4,ARE,United Arab Emirates,3865.06517,2019,1990,105893.626059104,71782.1538362575,-0.013317396207980003,3999.0,4481.0,4819.0,45.59503678159462,0.988203294181041,high,,,,,,
5,ARG,Argentina,850.95843,2019,1990,14136.5254005803,22071.7480998394,0.01548195098552263,932.0,1217.0,1383.0,566.296986979136,0.33451862392486553,upper middle,0.0017999777260955252,0.005242441490359351,0.006294726342863877,0.014095873472229625,0.013954053488872686,0.013839236293377244
6,ARM,Armenia,367.0943,2019,1990,5153.29821050756,14317.5528692827,0.03586433388488164,371.0,677.0,874.0,296.63946531771427,0.19192571141062587,upper middle,0.0005058036073757322,0.013334618162422984,0.015133349246611916,0.01594738886980429,0.019359306955724742,0.01953372076873694
7,ASM,American Samoa,3369.90188,2019,1990,,,,,,,,,high,,,,,,
8,ATG,Antigua and Barbuda,3051.24304,2019,1990,15264.3519217204,22908.6392551795,0.014098246654787427,,,,1758.2072137666557,0.42377346192433896,high,,,,,,
9,AUS,Australia,790.79296,2019,1990,31006.100226642,49379.093333787,0.016175749235966208,777.0,963.0,1128.0,273.37851645640364,0.6542982420374561,high,,0.0008313072966428248,0.001248890881713649,0.004034194397323665,0.004056968388277182,0.003979904047186844
10,AUT,Austria,247.14882,2019,1990,37494.5604129864,55806.4382499366,0.013808026955007158,446.0,609.0,689.0,123.48218713996606,0.5003731470780801,high,0.0051300600914667704,0.0049473460698536975,0.0047561193348668596,0.0007733765643991308,0.002179948904128759,0.0024065261712762354
11,AZE,Azerbaijan,793.054,2019,1990,7616.91027506113,14442.0408668016,0.022306271771311392,951.0,1344.0,1470.0,625.537098438597,0.21123013257786105,upper middle,0.00531600737547544,0.010249268748578233,0.011009730018988195,0.01941571653868346,0.01918980353089661,0.019100008050296102
12,BDI,Burundi,1078.00996,2019,1990,1175.15508588164,729.658462620426,-0.016299455680501507,1396.0,2213.0,2368.0,1072.2181190027811,0.005372715663238381,low,0.0378797772583388,0.04646145010365621,0.047082615116692095,0.05741533646093422,0.05685565701747941,0.05676483638154006
13,BEL,Belgium,149.1616,2019,1990,35506.9265146541,51987.7139145095,0.013234382792935762,293.0,405.0,540.0,88.00437103530268,0.41000652288992145,high,0.010254698115696126,0.014076955876075381,0.009373578579868758,,0.00084400982871502,0.0026857866650962237
14,BEN,Benin,3506.26079,2019,1990,2109.55933453942,3156.43895692884,0.01399234783954717,3942.0,4424.0,4679.0,3381.4951071819914,0.03558368595223871,lower middle,0.013293780033361013,0.018149357777403674,0.019710043250112053,0.037137182465876606,0.03698002264362299,0.03690393346493481
15,BFA,Burkina Faso,3993.88824,2019,1990,981.844761883421,2110.06231119074,0.026731724132555312,4311.0,4870.0,5211.0,3909.092440026425,0.021231390283864227,low,0.014188832765703818,0.021378712283339985,0.02363442107785163,0.042184032729458476,0.0420177319939099,0.04192589608403896
16,BGD,Bangladesh,2874.67348,2019,1990,1730.36894499325,5467.20752090206,0.04046748275006595,3335.0,4068.0,4142.0,2668.880639389167,0.07158824890638815,lower middle,0.009910320082021196,0.015173440444841813,0.015496483381268078,0.030354200626439676,0.030084719317745368,0.03006030943286886
17,BGR,Bulgaria,420.92849,2019,1990,12507.7284145491,23266.0693152803,0.021632359652777877,677.0,942.0,1017.0,288.8003432602476,0.313896896690819,upper middle,0.007629626441858939,0.009646271819159669,0.009925424619007917,0.013267595207363758,0.013434188610090825,0.013408812393517211
18,BHR,Bahrain,3219.93,2019,1990,36997.7356016117,49768.9762142136,0.010277806196675066,,,,445.47219456709297,0.8616515903864082,high,,,,,,
19,BHS,Bahamas,2783.32722,2019,1990,35674.4556311246,33862.9446487499,-0.0017954058375363458,3061.0,3365.0,3521.0,1040.6175858321678,0.6261245970812703,high,0.000489173749457894,0.0008978768185969876,0.001069902591855021,0.007530541031986804,0.007405117597694799,0.007345000931631374
20,BIH,Bosnia and Herzegovina,329.4622,2019,1994,1730.12267827479,14851.6485875733,0.08980277801797243,546.0,827.0,861.0,264.6218909937144,0.19680651985655895,upper middle,0.01227072051188105,0.015477095411116082,0.015648593166096125,0.018358105225745325,0.019064030110524044,0.01907170530337332
21,BLR,Belarus,166.58561,2019,1990,8895.17217109963,19288.0406878264,0.027048184288959165,357.0,551.0,577.0,128.2898304141402,0.22988648050608818,upper middle,0.01699606787578989,0.017953765723394355,0.01792822582695508,0.011725673708907758,0.015110874660583029,0.015264010936241412
22,BLZ,Belize,3131.04039,2019,1990,6396.50071946363,9028.55148483032,0.011955065049643165,3189.0,3519.0,3760.0,2703.7333793145963,0.13647444857311597,upper middle,0.0010460623319166196,0.005091511917237668,0.00694627477236498,0.024053354466460508,0.023920638485326107,0.02383130719519677
23,BMU,Bermuda,1657.21581,2019,1990,65961.4062780667,81681.7266682559,0.007398284638131969,,,,66.77526223788206,0.9597063569904742,high,,,,,,
24,BOL,Plurinational State of Bolivia,963.39522,2019,1990,4437.86683057006,8528.74880360829,0.022782149926718676,1913.0,1835.0,2006.0,850.7866057022196,0.1168872462308671,lower middle,0.016459526942516955,0.016103162512225433,0.016830403101554703,0.025443146021834284,0.02549427635680024,0.025383867593276266
25,BRA,Brazil,2195.74083,2019,1990,10401.8424448513,14685.1278924674,0.011962443979586235,2224.0,2646.0,2890.0,1665.8052713899156,0.24134704395421958,upper middle,0.00038953844256806036,0.004264109485410339,0.005591052265973007,0.018397164232833108,0.01817037591997117,0.01805332766036183
26,BRB,Barbados,3126.98589,2019,1990,14097.395549571,15954.802664829,0.004277045524265777,,,,2258.225400986071,0.2778268017748967,high,,,,,,
27,BRN,Brunei Darussalam,3447.11289,2019,1990,70358.7240942878,61424.3643132688,-0.00467181902705871,3543.0,3884.0,4028.0,167.26725843921548,0.9514761297999685,high,,,,,,
28,BTN,Bhutan,688.24217,2019,1990,2737.99305333418,11797.2841991497,0.0516570258362683,1464.0,1674.0,1555.0,573.9844282812584,0.16601386357761483,lower middle,0.014368026368879239,0.015142382780627184,0.014742553104526435,0.02165239013581899,0.02150408745139165,0.02158750753284422
29,BWA,Botswana,1902.74742,2019,1990,9164.87250835745,15117.9906741015,0.01740867427431203,1964.0,2515.0,2700.0,1435.0354717084294,0.24580874128399577,upper middle,0.0009212399263311966,0.005622381504249541,0.006490340120804516,0.018189181603336824,0.017872154499509962,0.017778564708033517
30,CAF,Central African Republic,3003.84314,2019,1990,1200.61339024031,861.766788755873,-0.011369465805149415,3082.0,3761.0,4007.0,2983.7365282188953,0.006693629075819385,low,0.015119592496085854,0.033439023422241254,0.035521473515050195,0.054235095016996526,0.05395887401828392,0.05387098596655249
31,CAN,Canada,160.29738,2019,1990,34562.8663465938,49175.6770500696,0.012233509242049578,335.0,579.0,582.0,94.23107953598738,0.41214834867552186,high,0.012390828669146092,0.008984092853579151,0.00895667321046445,,0.0036109724983743874,0.0036261106470931725
32,CHE,Switzerland,153.07716,2019,1990,56232.0260800298,69923.9312089954,0.007542839468984486,245.0,460.0,537.0,85.66187391669051,0.44040068474819816,high,0.004869198341893366,0.007850725781101797,0.006005850458951967,,,
33,CHL,Chile,175.72575,2019,1990,9701.82379080639,24809.8609735994,0.03290663500243607,106.0,190.0,241.0,125.7949768210581,0.2841403333258894,high,,0.0027303660356241544,0.008981389596439682,,,0.00015981642473250623
34,CHN,People's Republic of China,1152.79527,2019,1990,1423.89634790711,15977.7638279876,0.0869465635648794,1344.0,1581.0,1764.0,868.112242884799,0.24695020401601842,upper middle,0.003832431123721669,0.006403803468517433,0.00764931846179806,0.017919068546613515,0.01775069667210638,0.017624610261244955
35,CIV,Cote d'Ivoire,3121.59607,2019,1990,4351.47678203302,5132.34156942981,0.0057074923588851245,3554.0,4067.0,4280.0,2914.7578358026267,0.06626040959789303,lower middle,0.009605168469851932,0.01398545385957184,0.015125408804541385,0.03107216274868363,0.030889162683548577,0.03082002475955603
36,CMR,Cameroon,2657.92843,2019,1990,3483.1868621115,3756.50956165869,0.002608312242317501,2908.0,3500.0,3725.0,2540.6083439914914,0.044139670837001654,lower middle,0.01017822591402151,0.017741486774475845,0.019189958177952438,0.03532521849395076,0.035073149480887356,0.03498821189840884
37,COD,Democratic Republic of the Congo,2184.36589,2019,1990,1750.16973868902,1059.89211136718,-0.01714598327980532,2589.0,3266.0,3506.0,2165.3576093828756,0.008701967332553684,low,0.0287795052393498,0.03603501572015144,0.03729975062196522,0.051784441495723366,0.051465043340704675,0.05136688930679845
38,COG,Republic of the Congo,2717.22163,2019,1990,5007.31924472282,3695.06169357,-0.010424711062097303,3006.0,3727.0,3952.0,2599.709320707192,0.04324723018372556,lower middle,0.011024803861305887,0.01888114858299339,0.020081466619953803,0.03549108745850482,0.03519824263359794,0.035118361015895605
39,COL,Colombia,1429.38555,2019,1990,8434.95933574977,14616.1351241706,0.019137408971884096,1874.0,2185.0,2252.0,1102.4182754413112,0.22874673285922664,upper middle,0.006089842250240007,0.00798700959023213,0.008288653967828408,0.018671390068883298,0.01847906642866337,0.018440272094636168
40,COM,Comoros,2996.85716,2019,1990,2922.71225211885,3290.65052676586,0.004097102514684092,2580.0,2909.0,3119.0,2884.8360456347846,0.0373795307498791,lower middle,,,0.006711643430002079,0.03718058222768228,0.0370185084136756,0.03692372502725427
41,CPV,Cape Verde,1832.51813,2019,1990,1816.02474316339,7793.31178929428,0.0515109584680824,,,,1632.1809315574849,0.10932344688044915,lower middle,,,,,,
42,CRI,Costa Rica,1304.31538,2019,1990,9810.55130671056,20818.061678299,0.026282996861516583,2417.0,2878.0,3065.0,866.2374212544869,0.3358681232030808,upper middle,0.006698605364394261,0.0074846028953416965,0.007710711384159463,0.01391149544917214,0.01368203221787856,0.013598420292164848
43,CUB,Cuba,2940.76454,2019,1990,,,,3161.0,3534.0,3684.0,,,upper middle,,,,,,
44,CUW,Curacao/Netherlands Antilles,3232.31097,2019,2000,28613.9000650843,23659.2347332019,-0.009957414552160926,,,,1799.602823113978,0.4432457644649277,high,,,,,,
45,CYM,Cayman Islands,3373.68059,2019,2006,84778.3842608364,72432.5012829436,-0.012033586889340753,,,,53.08781866982669,0.9842641242246865,high,,,,,,
46,CYP,Cyprus,1570.97282,2019,1990,25232.609375,41739.46484375,0.017506995788090896,1660.0,1881.0,2007.0,513.1265537085586,0.6733701900020406,high,0.0002353067224249994,0.0006792662584333975,0.0008678238340158462,0.005702104940656483,0.005555544364395315,0.005476383740938173
47,CZE,Czech Republic,247.12542,2019,1990,23585.1814938054,40989.7266228223,0.019241495776139983,389.0,524.0,620.0,141.03793462821199,0.4292860093946953,high,0.006379943340996785,0.0074971023699907935,0.007625402931578318,0.00337762274260478,0.005509741990555206,0.00604656475446208
48,DEU,Germany,213.08829,2019,1990,36699.4817033163,53874.3166510099,0.01332563399251474,336.0,484.0,612.0,113.11550491311954,0.46916132785560605,high,0.006862742294324153,0.006667082567949123,0.0061060851032399555,,0.001731510626235,0.0026276842142458623
49,DJI,Djibouti,3816.20573,2019,2013,3664.26803619943,4768.11300470727,0.04486428412866439,4081.0,4573.0,4828.0,3584.2752041576287,0.060775163146765565,lower middle,0.0066217289484074016,0.012099083280006306,0.013765078267021114,0.03182178037691852,0.0316676794116717,0.03159449509039325
50,DMA,Dominica,2916.25068,2019,1990,7855.8210423106,12395.4204702077,0.015850945198033317,,,,2326.842188416682,0.20211173738442756,upper middle,,,,,,
51,DNK,Denmark,62.27477,2019,1990,39027.9787365148,56813.9641554635,0.013032584827722182,126.0,207.0,287.0,43.753828173856235,0.2974068282571539,high,0.0026781512272320285,0.006048243194934688,0.008957795062277896,,,
52,DOM,Dominican Republic,2698.51589,2019,1990,6207.11211279231,18171.0609627655,0.037733617687016,2765.0,3118.0,3346.0,1838.3355350518486,0.31876052986597436,upper middle,0.0004928760258606779,0.00247872880065092,0.0033870668591231556,0.015438435604205214,0.015278721250178595,0.015184493739205829
53,DZA,Algeria,1231.21753,2019,1990,8828.87447349486,11627.2799177398,0.009539228872294636,1407.0,1750.0,1855.0,1018.9918942339291,0.17237054427422815,lower middle,0.0048750448254213374,0.009233740625531839,0.010025092315725459,0.02187630470005364,0.021635087519857876,0.021564982348287964
54,ECU,Ecuador,1383.03963,2019,1990,8120.00116107894,11390.2169659569,0.011738169239754681,2776.0,2561.0,2608.0,1147.9045444494127,0.17001326675692385,upper middle,0.012688244593789033,0.012089788982745597,0.012233308461464087,0.02130545062699074,0.02141238442581095,0.021388342609053534
55,EGY,Egypt,2169.35584,2019,1990,6291.70540537498,11780.9620965028,0.021865014051010823,2193.0,2562.0,2847.0,1768.9626264130243,0.18456779021876646,lower middle,0.00045966797804086745,0.005125953079384127,0.0071240614455041484,0.0211894191227473,0.020986621087732305,0.020846592729050428
56,ERI,Eritrea,2530.40784,2019,1990,,,,2630.0,3205.0,3481.0,,,low,,,,,,
57,ESP,Spain,688.24775,2019,1990,27543.221532287,40782.2350436035,0.013626142735464919,837.0,1155.0,1223.0,307.50144630939235,0.5532111128450585,high,0.0015055002577188947,0.0028800654690972483,0.0030293225539566038,0.006437376780553894,0.006337296108016144,0.00629377863555769
58,EST,Estonia,59.12205,2019,1995,12730.7174142214,36153.4319482746,0.044449293580959504,171.0,278.0,331.0,42.83876246610973,0.2754181821146302,high,0.010244880544265422,0.014273783275343455,0.016100233879545067,,,0.002809241005611973
59,ETH,Ethiopia,988.72931,2019,1990,767.170418557348,2181.65887703263,0.03669630738675922,1146.0,1814.0,1982.0,967.3851322664782,0.02158748356870477,low,0.01986801385149617,0.03158651882791541,0.0325621303263135,0.043387787607291894,0.042915254493443244,0.0428041299173596
60,FIN,Finland,47.37731,2019,1990,32939.3832880618,48583.4339897935,0.013490657869530631,119.0,189.0,241.0,34.60063392137313,0.2696792215224306,high,0.004256977295215458,0.007320077742819064,0.009265687301085457,,,
61,FJI,Fiji,2627.50087,2019,1990,7889.87858590517,13241.3539504487,0.018014267380145776,2302.0,2662.0,2885.0,2057.2952830322783,0.2170144236594379,upper middle,,0.00044687274138666133,0.0027317610008410487,0.019654641975675347,0.0194641036475518,0.019357193862774347
62,FRA,France,308.48687,2019,1990,33843.0203949502,45922.7947390313,0.010580715945510688,467.0,661.0,791.0,158.2505655606166,0.4870103691589318,high,0.004292466386435212,0.005260374124794964,0.005345469574880468,0.0034957213084374494,0.004759916993164692,0.004943582744906472
63,FRO,Faeroe Islands,0.0,2019,1990,,,,,,,,,high,,,,,,
64,FSM,Micronesia (Federated States of),3428.10057,2019,1990,2925.35863300248,3540.84378746852,0.006606137800392098,,,,3286.733297086533,0.04123778460602945,lower middle,,,,,,
65,GAB,Gabon,2767.9213,2019,1990,17559.0061141964,14478.0017220931,-0.006630904515670388,3216.0,3727.0,3928.0,2094.1834396956847,0.24340932681298255,upper middle,0.0035103585542453075,0.0057175645133649144,0.006327520717306578,0.018089100701794925,0.017891447108971503,0.017821059273833484
66,GBR,United Kingdom,40.05914,2019,1990,31308.1408749408,47088.2055266782,0.014173449069041721,107.0,171.0,275.0,29.877538079242324,0.25416426615143695,high,0.004007288805625064,0.006967859893394213,0.010851452510143522,,,
67,GEO,Georgia,436.60517,2019,1990,11135.4628892798,14989.2581602038,0.010300932762076664,523.0,877.0,1056.0,346.96435533362984,0.2053132230806386,upper middle,0.005890455590013444,0.01298204482801446,0.01407229722210035,0.018067298647880925,0.018956942598018056,0.018906154666245678
68,GHA,Ghana,3433.25176,2019,1990,2299.63879373958,5345.94159228145,0.02951638162913528,3851.0,4333.0,4581.0,3192.5035594072265,0.07012250118027274,lower middle,0.008533717311672184,0.012665377285421942,0.014013140310588534,0.030444325427488428,0.030284595293064376,0.0302094438614664
69,GIN,Guinea,3036.38941,2019,1990,1507.19852172471,2545.1402015108,0.01823084776178896,3232.0,3794.0,4036.0,2954.774921364397,0.02687879504743873,lower middle,0.011187669395699595,0.02038405652658848,0.022244533473550376,0.04016899198053592,0.03994943911648141,0.03986481857021151
70,GMB,Gambia,3237.72329,2019,1990,2080.15808488147,2083.3090583462,5.219549477319951e-05,3861.0,4258.0,4424.0,3170.3597570520105,0.020805833888290493,low,0.02077891262757836,0.02423327286658572,0.025237654859418646,0.04249929903334282,0.042365147310131634,0.04231284468958574
71,GNB,Guinea-Bissau,3557.95151,2019,1990,1998.17320635701,1890.53310322385,-0.0019076440552734386,3738.0,4156.0,4389.0,3492.5113019286155,0.018392664399010994,low,0.012244172405192932,0.02082163476004717,0.023200976500128867,0.04379423748371103,0.04364866846020332,0.04357393417458022
72,GNQ,Equatorial Guinea,2531.12831,2019,1990,936.419750712983,16240.3698101562,0.10338851798872883,2733.0,3212.0,3407.0,1830.6271283168603,0.2767545125687997,upper middle,0.0017402734106910511,0.004333264360888434,0.005043580709557682,0.016863036310072577,0.016647990038015203,0.016569140476382582
73,GRC,Greece,947.01236,2019,1990,24262.8425808592,29721.5857620428,0.00702203995147177,1045.0,1300.0,1376.0,516.6674407301941,0.4544237619768826,high,0.0011962722803249282,0.003083572414282809,0.0034477642117549667,0.010336953864478193,0.010179579507586967,0.010126398885699883
74,GRD,Grenada,3171.355,2019,1990,8571.96740286013,15394.0304271941,0.020394229954595167,,,,2326.5014988549533,0.2664014281419288,upper middle,,,,,,
75,GRL,Greenland,0.00023,2019,1990,,,,0.0,,0.0,,,high,,,,,,
76,GTM,Guatemala,1350.35619,2019,1990,5561.07068412655,8673.00201631063,0.015443006355923883,1698.0,2273.0,2306.0,1185.396196832919,0.12216035619985632,upper middle,0.009245267219810671,0.01399993307659364,0.014157121906851033,0.025374727320526258,0.025011571977784586,0.024992813774452838
77,GUM,Guam,3399.24969,2019,1990,,,,,,,,,high,,,,,,
78,GUY,Guyana,3068.10472,2019,1990,4818.38799518684,12820.4897019679,0.034320829053880786,3569.0,4028.0,4367.0,2418.230296197593,0.21181624589476422,high,0.004059207150185928,0.0061221311209109786,0.0071738264104372895,0.019478674320679623,0.019316302503007643,0.019208111683505447
79,HKG,Hong Kong (China),2274.48656,2019,1990,28797.7030873198,59592.0344814547,0.025393835412524712,2608.0,3005.0,3110.0,228.83624570150084,0.8993899327760807,high,,,,0.0007338678400026222,0.000548916718310366,0.0005038185438104303
80,HND,Honduras,2230.23759,2019,1990,3912.70204526407,5613.66058791544,0.01252519908201144,2406.0,2886.0,2950.0,2067.0587011394978,0.07316659426429195,lower middle,0.006390800475754466,0.013296857709931054,0.013823927403995961,0.030456526205531187,0.030213555650467017,0.03018397877246004
81,HRV,Croatia,521.68235,2019,1995,15083.558943419,29347.5161917663,0.028121592509674054,772.0,1077.0,1117.0,312.79785012891597,0.4004055338868261,high,0.0048409689209178985,0.006616666036028729,0.006739048269180481,0.010500694911243835,0.010478700533727459,0.010456384597398616
82,HTI,Haiti,2759.37184,2019,1990,3612.81510511417,3112.29594285407,-0.005129096784696974,2967.0,3324.0,3563.0,2663.566644869891,0.034719929275682015,lower middle,0.010439510766655058,0.016909831415119703,0.019248071260563826,0.0377053511836023,0.037550473562716125,0.037455612325462795
83,HUN,Hungary,475.55314,2019,1991,16426.9405835293,32645.6637288361,0.024831481087231433,735.0,941.0,990.0,271.6071852646474,0.4288604944031126,high,0.004763182828253498,0.005931832399031167,0.006093634712952767,0.009135828410447688,0.009205409068701265,0.009190674104561092
84,IDN,Indonesia,2912.33378,2019,1990,4519.72279421074,11857.7891170417,0.0338190940430918,3517.0,3929.0,4138.0,2355.398188596661,0.1912334345836345,upper middle,0.005294407289456293,0.007152351421181313,0.007850330695786889,0.020481347226512403,0.020332494473250806,0.020262950587129236
85,IMN,Isle of Man,0.0,2019,1990,,,,,,,,,high,,,,,,
86,IND,India,3005.54795,2019,1990,1819.02159651277,6617.12986868393,0.045536088126231666,3478.0,3984.0,4115.0,2730.257006735268,0.09159426096154344,lower middle,0.008222604988811666,0.011898926680792954,0.012543632049052178,0.02787198718203454,0.027688165261595676,0.02764444433310076
87,IRL,Ireland,4.23573,2019,1990,26781.6276093907,86925.9065817976,0.041433293055659126,28.0,59.0,93.0,4.079102015189967,0.03697780189247957,high,,,,,,
88,IRN,Islamic Republic of Iran,1354.99549,2019,1990,9442.24811639528,14084.3535121898,0.013884136197312325,1505.0,1880.0,2090.0,1059.8350176484457,0.217831331934215,lower middle,0.0031745898315489463,0.007223264973295507,0.008477568449047679,0.019390627769274582,0.01913368479411659,0.01900179279903136
89,IRQ,Iraq,2913.10609,2019,1990,7449.47165519372,10299.3162890193,0.011232770883830456,3029.0,3505.0,3778.0,2446.15172826711,0.1602943206688674,upper middle,0.0017662049104112398,0.006132471765351921,0.00762283596802571,0.022458975075809295,0.022262721531742136,0.022161739721350715
90,ISL,Iceland,0.0,2019,1995,33666.1804992579,56584.1686827215,0.02187053998927757,0.0,0.0,1.0,0.0,0.0,high,,,,,,
91,ISR,Israel,1537.09814,2019,1995,26891.425122526,41151.0067396475,0.017884755764003835,1651.0,2044.0,2270.0,518.0057579741566,0.662997602759342,high,0.0003200218202699112,0.0010374511533959296,0.0012879222569865956,0.00588457096127426,0.005630032624544645,0.005498000627173205
92,ITA,Italy,681.71964,2019,1990,36585.6799028741,42739.0499116836,0.005374949203398538,799.0,1101.0,1166.0,292.2807035725375,0.571259669777832,high,0.0011662804881642508,0.002522641353781996,0.0026693465935769822,0.005840026861781977,0.0057870392730978715,0.005748382732722046
93,JAM,Jamaica,3097.91909,2019,1990,8692.50223491895,10244.3661921245,0.0056804547605158184,2797.0,3119.0,3348.0,2602.170462776501,0.1600263314893413,upper middle,,0.0003355695548767912,0.003186933508334766,0.02263313538488898,0.02248720307944896,0.02239193301089193
94,JOR,Jordan,1481.92829,2019,1990,8127.6265386227,9534.6609493486,0.0055208647203743855,1579.0,1984.0,2196.0,1277.3707363063195,0.13803471805891532,lower middle,0.0032782118269838456,0.009656630582913772,0.011304247782782273,0.02425959853965276,0.02398730420581563,0.023858228188635477
95,JPN,Japan,879.84362,2019,1990,32846.3896070232,41654.3279152693,0.00822548775539822,1066.0,1197.0,1402.0,356.7097326032288,0.5945759854424713,high,0.001163574910290066,0.0016588015039400439,0.0021521963489146145,0.0061251421462231725,0.0060479382484539546,0.0059076153680495125
96,KAZ,Kazakhstan,543.91172,2019,1990,13475.6398976651,26351.8044418782,0.02339544922200365,595.0,904.0,986.0,344.11156348094386,0.3673393110908809,upper middle,0.0017020438283505968,0.006245579122195366,0.0067619192629166935,0.011447648542348698,0.011883354005141733,0.0118640994761392
97,KEN,Kenya,1471.73062,2019,1990,3655.36205689276,4601.21137258037,0.007966894507559497,1420.0,2021.0,2190.0,1389.4402023028806,0.05591404879319517,lower middle,,0.01729942427087372,0.018910984384719054,0.03362931425461135,0.03321644103653543,0.03311317643355993
98,KGZ,Kyrgyzstan,252.31133,2019,1990,5158.31756938857,5258.36669631142,0.0006626329145367205,221.0,455.0,543.0,236.89321231770626,0.06110751222425781,lower middle,,0.024822869853433183,0.026989407396978082,0.016259920972890418,0.03053124691112097,0.03147467831116546
99,KHM,Cambodia,3877.86749,2019,1993,1716.84095776483,4464.29444969141,0.03743862702703882,3952.0,4405.0,4655.0,3661.2838036689727,0.05585123444510154,lower middle,0.0026247156241907543,0.010546515515076349,0.012780587333889981,0.032704447888130206,0.032557228909545266,0.03248258166586693
100,KIR,Kiribati,3543.26065,2019,1990,2045.27227844342,1963.53488352412,-0.0014053757834251446,,,,3474.838829277256,0.019310411364386604,lower middle,,,,,,
101,KNA,Saint Kitts and Nevis,3063.24963,2019,1990,14178.6701029728,31194.6958348091,0.027562997988695992,,,,1260.6146684665912,0.5884714532825746,high,,,,,,
102,KOR,Korea,755.0332,2019,1990,12656.3960621654,42758.5903686092,0.04287316848200917,940.0,1105.0,1287.0,313.04654923034934,0.585387040953498,high,0.0013811634998772693,0.00203129688779935,0.0024472320369788303,0.005848978194206156,0.005779111017168548,0.00566289476315851
103,KWT,Kuwait,3462.88263,2019,1992,41446.9637511501,47314.7968373973,0.004916060966189573,3903.0,4355.0,4696.0,537.18327863165,0.8448739573273814,high,8.438339237648584e-05,0.00013671394458003583,0.0001609113965701514,0.0030575304660556135,0.002913087796134306,0.00281406904968029
104,LAO,Lao People's Democratic Republic,2620.65878,2019,1990,1939.08623861287,7840.07138309428,0.04935268732508735,2876.0,3496.0,3703.0,2325.2560779747314,0.1127207800876956,lower middle,0.005146292760953131,0.010594290173068455,0.011616509772535144,0.02597834922166009,0.025715253461619403,0.025637540445555773
105,LBN,Lebanon,1056.62027,2019,1990,5855.80521329743,17185.0470183692,0.03782206537874089,1050.0,1345.0,1544.0,776.7609780499535,0.26486269466517665,lower middle,,0.005038394740514374,0.006770689749391101,0.017190962027777257,0.017003380044737115,0.016861944846497057
106,LBR,Liberia,2922.18878,2019,2000,1725.14489392022,1455.63764867217,-0.008900521760791147,3204.0,3708.0,3896.0,2883.8852703558646,0.01310781490446189,low,0.01968895438590046,0.027518372494966137,0.029047325171486005,0.04738091385730181,0.0471794745422478,0.04711128569029244
107,LBY,Libya,1725.61074,2019,1999,26668.4443358796,22535.4456198617,-0.008384233407065733,1949.0,2317.0,2464.0,1067.1703743355195,0.3815694643071592,upper middle,0.0017560695192007092,0.0035335952466344356,0.004024363472200587,0.013192895273283822,0.012974421559883709,0.012894694656531147
108,LCA,Saint Lucia,3135.14278,2019,1990,11418.9771317943,15460.7100350716,0.010503932569942531,,,,2296.62371854857,0.2674580139700783,upper middle,,,,,,
109,LKA,Sri Lanka,3119.25796,2019,1990,4040.02841677856,13639.0218853482,0.04284712575471916,3422.0,3805.0,3948.0,2404.6073548863815,0.22910917092397787,lower middle,0.0025172178372385723,0.004572537583106939,0.005151094710900139,0.018756443880710627,0.01861410718556855,0.018564643080534626
110,LSO,Lesotho,229.16774,2019,1990,1265.91890955313,2452.02766699795,0.023058979772033084,242.0,402.0,519.0,223.60936439203584,0.02425461632585879,lower middle,0.011820397740027078,0.03367247555484765,0.03712491920208194,0.02928617981400672,0.03922670062513589,0.041043291440158836
111,LTU,Lithuania,150.80232,2019,1995,10640.3600314613,37184.4536013211,0.05351780152665708,258.0,417.0,460.0,96.95796165842226,0.3570525860714725,high,0.013209364222235731,0.01460232038251319,0.013621933228600058,,0.005262107168462649,0.006016506814545908
112,LUX,Luxembourg,165.42047,2019,1990,70860.8191239509,114542.496933956,0.0166974647952447,334.0,505.0,637.0,93.9286233487204,0.43218258690281564,high,0.001842476823899819,,,,,
113,LVA,Latvia,104.04162,2019,1995,9599.14600512054,31038.6792668747,0.05011358412832312,221.0,360.0,409.0,73.24655811741668,0.29598791216998843,high,0.014108853676559674,0.019011669710609747,0.020691381795347352,,0.0059109178526712824,0.007330407662170968
114,MAR,Morocco,897.2608,2019,1990,4119.8720703125,8217.5986328125,0.024094517632962775,1141.0,1480.0,1591.0,797.4374882494129,0.11125339672767054,lower middle,0.01049885008761886,0.015124490548785285,0.015960816757212504,0.026446840631331847,0.026211835122782245,0.02613259955876579
115,MDA,Republic of Moldova,487.04149,2019,1995,5617.90810461968,12776.9218268725,0.034829538708746055,676.0,904.0,937.0,401.65095878826736,0.17532496299593003,upper middle,0.009800911975788695,0.013519539495491895,0.013831710388644503,0.02079081914871095,0.020967075539481073,0.02096197858988247
116,MDG,Madagascar,1609.82872,2019,1990,1808.74353873908,1585.47165110942,-0.004532816052504773,1511.0,2028.0,2117.0,1586.475199008473,0.014506835852404754,low,,0.026863491036639875,0.02830635025199313,0.047248294194110585,0.04689222506867563,0.046836492856543455
117,MDV,Maldives,3514.0788,2019,1995,10430.7886458859,20574.4044296743,0.028707932196708752,,,,2170.5670700831497,0.3823225961571636,upper middle,,,,,,
118,MEX,Mexico,1233.20239,2019,1990,15218.3084360329,20064.5004997154,0.00957844118197615,1269.0,1595.0,1856.0,838.3534976184634,0.3201817443619588,upper middle,0.000621659306469402,0.0041867042136118915,0.00568734959451489,0.01511316962506748,0.014883220559230637,0.014706417090327273
119,MHL,Marshall Islands,3422.92911,2019,1990,3426.44047645492,5647.16480543959,0.01737794741734655,,,,3165.3891427951703,0.07523964386303916,upper middle,,,,,,
120,MKD,Republic of North Macedonia,460.43918,2019,1990,11111.2456377054,16773.081717702,0.014301914724352827,570.0,852.0,920.0,353.6199073752387,0.23199431600230302,upper middle,0.005929580803980317,0.011144017045073173,0.011704840553415474,0.01697865669262777,0.017540844042770454,0.017540758981385407
121,MLI,Mali,3969.02617,2019,1990,1336.57190539601,2219.04674252443,0.017635411604186357,4323.0,4902.0,5286.0,3879.113785588082,0.022653512615140592,low,0.014489229087747413,0.021286086813572247,0.02360940396230493,0.041532476396613616,0.04136118039240033,0.04125897072499307
122,MLT,Malta,1101.27582,2019,1990,16127.8315252544,45881.4902544427,0.03671001594709722,,,,361.94266179244283,0.6713424055815165,high,,,,,,
123,MMR,Myanmar,3027.15466,2019,1990,581.613311207808,4829.53670703209,0.07571940905911245,3353.0,3920.0,4094.0,2841.8778538309766,0.06120493565037188,lower middle,0.008786390807475453,0.014490481020542179,0.015514852004755442,0.031925651320882986,0.031713364463523463,0.03165442742521041
124,MNE,Montenegro,384.05217,2019,1997,12579.285087423,21533.963774298,0.02473644590428048,389.0,625.0,662.0,273.3996089060099,0.2881185675737493,upper middle,0.0003890428180204353,0.00859518658512215,0.009102007544210977,0.01138302142812897,0.014091014152475267,0.014200746002587916
125,MNG,Mongolia,121.57768,2019,1990,5030.07325208107,12458.0184257633,0.031767597498466804,167.0,305.0,357.0,103.52743413610497,0.14846677337398628,lower middle,0.01444736069702679,0.028649713940321453,0.028368095161130036,,0.014644757010425336,0.01720026349282988
126,MNP,Northern Mariana Islands,3404.45195,2019,1990,,,,,,,,,high,,,,,,
127,MOZ,Mozambique,2251.88349,2019,1990,460.123696680511,1285.18275959651,0.03605407640082814,2551.0,3101.0,3418.0,2226.7983835636924,0.011139611151155915,low,0.02379500664164258,0.03174896191412824,0.03386821412242913,0.04930483684250797,0.04903761740175905,0.04890332357993121
128,MRT,Mauritania,3721.76061,2019,1990,4611.94118707035,5505.64633125718,0.006126460153105917,4479.0,4998.0,5274.0,3449.681540341796,0.07310493558536635,lower middle,0.010921265026043958,0.013758564477508228,0.014801664657601243,0.02986549099034641,0.02971794576643716,0.02964595081284016
129,MUS,Mauritius,2376.85923,2019,1990,8233.91191179834,23676.4135788934,0.037092696623525434,2263.0,2616.0,2775.0,1371.2689723265282,0.423075226745116,upper middle,,0.001169196002616335,0.0017721271236696978,0.01238725864323409,0.012199025176567568,0.012121371834647787
130,MWI,Malawi,1529.49885,2019,1990,936.986299651878,1517.70316939192,0.016769564886886412,1848.0,2513.0,2809.0,1508.5271552670868,0.013711481203737552,low,0.02572937363018113,0.033744516557628446,0.03524715885179974,0.04757501360375338,0.047173057817417874,0.04702170359726843
131,MYS,Malaysia,3342.81154,2019,1990,10607.7680731014,27674.3974895709,0.03361901022731417,3306.0,3818.0,3986.0,1576.2105786320785,0.5284775824867236,upper middle,,0.00099765245245087,0.0012695539539429035,0.009941737770965853,0.009750255009162156,0.009693030363433275
132,NAM,Namibia,2077.20185,2019,1990,6223.45299390074,10009.578071046,0.01652181210744197,1737.0,2384.0,2624.0,1764.631818402443,0.15047648431352822,upper middle,,0.005409762213340885,0.0077146044397329305,0.023535224258374177,0.023137309218676627,0.023010866232218596
133,NCL,New Caledonia,1547.36375,2019,1990,,,,1805.0,2036.0,2351.0,,,high,,,,,,
134,NER,Niger,3954.08747,2019,1990,1077.91146474223,1217.44598648234,0.004206403936683367,4443.0,5022.0,5406.0,3912.743235007251,0.010456074962031381,low,0.023484320425590788,0.02942274894326724,0.03157059864521261,0.04924267540053884,0.049074711631875934,0.04897426311761177
135,NGA,Nigeria,3251.74999,2019,1990,3259.58117509029,5076.36829020617,0.015393043020967223,3721.0,4279.0,4545.0,3038.9270033906196,0.06544875444418174,lower middle,0.009887930160029645,0.014290999899799317,0.015574549735873466,0.031149392953386146,0.030959904381228087,0.03087838474487392
136,NIC,Nicaragua,3015.66863,2019,1990,3409.79425137619,5398.09441484394,0.01596731079538305,3202.0,3605.0,3779.0,2802.804646020173,0.07058599935757104,lower middle,0.005471844954043625,0.011067073613094225,0.01250841480956666,0.030571219221182222,0.030410399330743187,0.030346430973340777
137,NLD,Netherlands,134.09884,2019,1990,36461.4190196424,56784.0372529824,0.015393154166584377,200.0,289.0,394.0,79.95668730422123,0.4037481062161221,high,0.005760827317917716,0.009009706341847057,0.012598205182776878,,,
138,NOR,Norway,26.5493,2019,1990,42302.2634118752,64983.3542076922,0.014913231446203268,57.0,91.0,150.0,21.49059430809341,0.190540077964639,high,,,0.002057639940674205,,,
139,NPL,Nepal,1619.24067,2019,1990,1554.6020430045,3922.08133124638,0.0324250411926752,2109.0,2530.0,2694.0,1544.9551932343563,0.04587673601703912,lower middle,0.017566656831757843,0.02139174946868172,0.022314827619097644,0.035200874169617036,0.03496149239307145,0.034877265522946344
140,NRU,Nauru,3505.35762,2019,2004,5342.33055126122,10529.8131940478,0.04627535113473469,,,,2918.545101791097,0.16740446534208497,high,,,,,,
141,NZL,New Zealand,155.26919,2019,1990,27998.3977677454,43272.5669090792,0.015126071783313266,166.0,297.0,355.0,95.11739169281462,0.3874033110315407,high,0.0024088216455924183,0.01268722157706037,0.014668990450327657,,,0.001608251148616624
142,OMN,Oman,3571.08601,2019,1990,30462.2010842738,33814.1116228719,0.003606197521739407,3396.0,3826.0,4090.0,1241.1379863649292,0.6524480276057734,high,,0.0003141820350041069,0.0005834136983797755,0.007410903029007709,0.007252736802370263,0.007164313089887742
143,PAK,Pakistan,2683.01501,2019,1990,3061.53338764049,5157.546571801,0.01814700534083724,3292.0,3578.0,3760.0,2505.2944107096932,0.06623913717512397,lower middle,0.012446059990633085,0.01465579132368755,0.015697235233254725,0.031113767560833283,0.031000664055551796,0.030933293044182575
144,PAN,Panama,2888.57141,2019,1990,11211.8311737749,32788.3325108816,0.03769671218445403,3045.0,3422.0,3691.0,1122.6395010842466,0.6113513077094928,high,0.0003017359259622765,0.0008730409692365715,0.0011834896787510374,0.00793868212957105,0.007783988098433614,0.0076835493877975836
145,PER,Peru,604.3276,2019,1990,5240.25762333255,12735.16827797,0.03109420621447545,1254.0,1381.0,1508.0,496.4207721720022,0.17855684206380407,upper middle,0.013784765009996036,0.014382838024685318,0.014833034651586141,0.020836469616128728,0.02074731289183851,0.020656558267771796
146,PHL,Philippines,3262.38354,2019,1990,4232.47759456684,8731.86086888555,0.025286516885039134,3361.0,3666.0,3867.0,2834.413402458143,0.13118326901007382,lower middle,0.0017026796468180283,0.005254817268186773,0.006819929274992198,0.02440507321991192,0.02428788962488193,0.024215896894651312
147,PLW,Palau,3389.6163,2019,2000,13301.2542482505,17605.7854390714,0.014865686651683419,,,,2318.080588003467,0.31612301132624754,upper middle,,,,,,
148,PNG,Papua New Guinea,1424.25797,2019,1990,2907.40181039141,3947.93392384711,0.010605239407552425,2586.0,2966.0,3251.0,1358.657726840651,0.04605924245545823,lower middle,0.023548490573693126,0.024878039311565292,0.025579778639188033,0.03484826373231398,0.03466337310613299,0.03453872097416322
149,POL,Poland,252.14149,2019,1990,11259.4374539943,33159.7644200741,0.037948201747651344,355.0,510.0,573.0,157.02304311755168,0.3772423446948312,high,0.006201189892109271,0.008825431705790976,0.009159510443073948,0.00490514352378657,0.008022289483430978,0.008473777463047227
150,PRI,Puerto Rico,2860.65615,2019,1990,21595.9785599867,34792.6467473505,0.01658075102326695,2610.0,2890.0,3147.0,1015.5383877102056,0.6449980932835266,high,,5.1578414710151677e-05,0.0004460705938296172,0.007403280716880678,0.0072695753870040125,0.007157049762832379
151,PRK,Democratic People's Republic of Korea,532.02947,2019,1990,,,,632.0,807.0,907.0,,,low,,,,,,
152,PRT,Portugal,294.47128,2019,1990,23556.8562074936,34945.6615139469,0.01369211120575442,643.0,860.0,965.0,175.11154507386203,0.4053357425081928,high,0.007707485996613528,0.008082403657035497,0.008103729332463727,0.008105070004386539,0.00836277805528196,0.008351154178079634
153,PRY,Paraguay,2067.12364,2019,1990,8818.62937058954,13609.72300919,0.015075191337133198,2077.0,2753.0,2899.0,1614.7248681918738,0.21885423931784076,upper middle,0.00016765856390121847,0.006348476880089882,0.007031055596383506,0.01944103332634839,0.019074243488849563,0.019005480558671906
154,PSE,State of Palestine,1603.84507,2019,1994,3951.20549285021,6245.44869712345,0.01848200743902151,1607.0,2029.0,2272.0,1471.8274026798763,0.08231322949424524,upper middle,0.0002131379716541204,0.012069706491965704,0.014603471049620786,0.02960365033552348,0.0293214655424594,0.029175824875233625
155,PYF,French Polynesia,2827.62285,2019,1990,,,,1669.0,1944.0,2020.0,,,high,,,,,,
156,QAT,Qatar,3674.9178,2019,2000,79400.4334133216,90840.429077198,0.007109395441585731,4247.0,4707.0,5115.0,2.6820078388509687,0.9992701856246007,high,,,,,,
157,ROU,Romania,463.8894,2019,1990,13376.1021638667,30000.977830377,0.02824534684567559,677.0,923.0,999.0,279.0630644979194,0.39842758964115277,high,0.004905919700372241,0.006689873052821538,0.006965664535004246,0.010092247676489086,0.01026207223821518,0.010240389918970916
158,RUS,Russian Federation,201.01531,2019,1990,21482.748046875,27254.57421875,0.008239663171199396,359.0,597.0,612.0,138.15632939560615,0.3127074281277076,upper middle,0.01123325489213789,0.012895554288262945,0.01289657709851122,0.007490377309790741,0.011036017667733322,0.011098116967887428
159,RWA,Rwanda,725.05754,2019,1990,933.013442984018,2190.6709601992,0.029869953886457745,961.0,1698.0,1900.0,709.4160290694583,0.021572785699934593,low,0.02576266811889827,0.03462081098741221,0.035374329406685945,0.04342656576883308,0.04294232319776037,0.04280454013011692
160,SAU,Saudi Arabia,3540.35991,2019,1990,42163.801724703,47024.5443161916,0.0037694178667166955,3495.0,4055.0,4384.0,551.1516702083837,0.8443232653686942,high,,9.631761617745482e-05,0.00013505612762099162,0.00327960260343918,0.003083315317554458,0.002980548158938001
161,SDN,Sudan,3927.35561,2019,1990,2756.53002929688,4133.13037109375,0.014065673524947364,4435.0,5056.0,5471.0,3728.7252725628364,0.05057610187664252,low,0.010936855620226948,0.01569210341439109,0.017520717302738076,0.03353103623361364,0.0333540660668894,0.03324819830130776
162,SEN,Senegal,3172.68754,2019,1990,2469.60318819172,3430.48388209103,0.011397002748277929,3763.0,4177.0,4373.0,3047.3701405162947,0.03949881540610367,lower middle,0.015139117234483246,0.018540258971125212,0.019640198138970666,0.036135080039791934,0.035992812415303055,0.03593044882105878
163,SGP,Singapore,3462.52999,2019,1990,37326.3042375656,98455.3282334375,0.03401055871936842,,,,0.8651814818957178,0.9997501302560861,high,,,,,,
164,SLB,Solomon Islands,3151.46672,2019,1990,2192.10302486372,2616.9084045149,0.006126700694552678,3086.0,3454.0,3678.0,3063.603446485538,0.027880121010594672,lower middle,,0.013490774960821739,0.017275444612349977,0.03987512535829718,0.039721038713042,0.039634991241748185
165,SLE,Sierra Leone,3070.6211,2019,1990,1433.118655869,1655.84325026579,0.0049937185681903085,3507.0,4015.0,4203.0,3023.100000615216,0.015476054464936717,low,0.021186201889408673,0.02686849405173919,0.028113459179471167,0.04559154771246554,0.04540533095064592,0.04534244967470524
166,SLV,El Salvador,3111.70808,2019,1990,5191.97145510929,9023.0265751173,0.019240212363084153,2927.0,3454.0,3534.0,2687.5624851601547,0.1363063577737167,upper middle,,0.004689992469204318,0.005425766117890696,0.024176303939506205,0.023953519127586587,0.023922639849954797
167,SOM,Somalia,3207.82899,2019,2013,889.16667704912,1138.28593747493,0.042024744340001696,3805.0,4235.0,4484.0,3177.1288953167195,0.009570365122013702,low,0.027634286788213336,0.03168458266319174,0.03318795928507745,0.05032788266217114,0.05017999246984273,0.05010128827033311
168,SRB,Serbia,522.21073,2019,1995,7752.20257571563,18306.8118974969,0.0364526913184271,756.0,1021.0,1086.0,387.6044488424181,0.2577623810172991,upper middle,0.00761971478047796,0.010356226925187784,0.010727571975964079,0.01639120994174026,0.016410738295406624,0.016378419705475045
169,SSD,South Sudan,3610.00257,2019,1990,,,,4217.0,4811.0,5079.0,,,low,,,,,,
170,STP,Sao Tome and Principe,2998.90766,2019,2001,2558.98351157163,4013.72189725452,0.025321320904596822,,,,2854.22282512883,0.04824584524592179,lower middle,,,,,,
171,SUR,Suriname,3173.00176,2019,1990,13633.7507927564,18449.1992080755,0.010484671660433653,3615.0,3978.0,4278.0,2121.1374053311765,0.3315044977059274,upper middle,0.002130837163319521,0.0032977425888218725,0.004028906733774207,0.014890768762562345,0.014762917607185067,0.014665954965264572
172,SVK,Slovak Republic,290.60547,2019,1992,11695.3492278696,32056.2997333253,0.038050604680246236,442.0,602.0,683.0,180.12016193455418,0.38019004964168723,high,0.006490590548895447,0.00831191539651277,0.008664231564864622,0.0075800909569925246,0.009034127142813597,0.009278934715791554
173,SVN,Slovenia,350.47239,2019,1995,21480.327975747,39034.2332483558,0.025199843063612892,486.0,763.0,780.0,190.7713380746561,0.45567370349870906,high,0.003991245008783562,0.005956996263341896,0.00599592966445428,0.005747333501305407,0.006941025155297265,0.006954652531305339
174,SWE,Sweden,51.60369,2019,1990,34156.8202971425,52850.5691792533,0.015165788857880225,117.0,176.0,245.0,37.290674336164024,0.27736418972821475,high,0.003139275041630585,0.005718125090684367,0.008327369900241743,,,
175,SWZ,Swaziland,970.20666,2019,1990,4909.26630206767,8501.26632860999,0.019114547587192776,1472.0,1920.0,2180.0,857.1836841567632,0.1164937126315303,lower middle,0.013482531034378242,0.01645042816008302,0.017375091366974793,0.02578771210033981,0.025479480659450715,0.025318750283432223
176,SXM,Sint Maarten (Dutch part),3069.87851,2019,2009,41969.4043812383,37570.5696994934,-0.011010917408161514,,,,924.9712874547669,0.6986944973745013,high,,,,,,
177,SYC,Seychelles,3225.93412,2019,1990,15538.8028339525,29190.5502595482,0.02197961199852183,,,,1434.4848672464766,0.5553272900543683,high,,,,,,
178,SYR,Syrian Arab Republic,1543.93173,2019,1990,,,,1745.0,2162.0,2322.0,,,low,,,,,,
179,TCA,Turks and Caicos Islands,3120.64259,2019,2011,25731.2832531353,25933.5112061295,0.0009790417588941835,,,,1598.8917670555159,0.487640214813733,high,,,,,,
180,TCD,Chad,3748.54714,2019,1990,1027.24442257679,1561.99667256928,0.014556131166957309,4108.0,4595.0,4976.0,3694.575712942812,0.014397958740139494,low,0.018730365949785943,0.025162826534228078,0.027792940317881376,0.04612712340307179,0.04597338250376781,0.04586456147868345
181,TGO,Togo,3483.11151,2019,1990,1740.3102860814,2073.12978101301,0.006052588657428082,3753.0,4227.0,4470.0,3411.0027659467473,0.02070239320395828,low,0.014262734090535023,0.021513873414426676,0.023489870351584674,0.04260128591863843,0.04243818357849749,0.04236174247476243
182,THA,Thailand,3679.84641,2019,1990,7273.05910474223,17997.1330707129,0.031735775601262395,3925.0,4436.0,4726.0,2472.693273646265,0.3280444349724192,upper middle,0.00115120114049172,0.0028524433555527917,0.0035533909984772905,0.0150916791075415,0.014928483604730092,0.01484435598260081
183,TJK,Tajikistan,820.52581,2019,1990,3990.8690350085,3575.28195629146,-0.0037847153088489405,912.0,1294.0,1485.0,787.7353220770789,0.039962774507874554,lower middle,0.012444992810014988,0.02383553533124183,0.025830269284495833,0.03714617485238403,0.03694435346675462,0.03680636615104271
184,TKM,Turkmenistan,1519.91315,2019,1990,7137.60372013329,14992.6039650936,0.02592270789978235,1638.0,2049.0,2242.0,1159.329346931224,0.23723974167127637,upper middle,0.0021453433617577566,0.006226408182410603,0.007308287673653213,0.018510755236315735,0.01824092100366248,0.0181263011509305
185,TLS,Timor-Leste,2392.45886,2019,2000,2314.81009900916,3737.79654389172,0.025540100685612632,2860.0,3261.0,3529.0,2287.882913441986,0.04371065613977332,lower middle,0.014825552373260997,0.01876646706534335,0.020381944012325404,0.0354115911807702,0.03523335745332856,0.035125717273609025
186,TON,Tonga,2420.33962,2019,1990,3625.49964148949,6344.42144807383,0.019483364138272563,,,,2212.6697799078756,0.08580194216385406,upper middle,,,,,,
187,TTO,Trinidad and Tobago,3141.20648,2019,1990,9766.81788994698,25306.6179563327,0.03337503694677468,3338.0,3647.0,3933.0,1648.0098150708516,0.47535769279616036,high,0.0006090971851024918,0.0013677218682575099,0.0019163359584262185,0.01104473255745475,0.010926858349693758,0.010826371253431333
188,TUN,Tunisia,1325.47129,2019,1990,5660.28903741381,11113.8028778222,0.023538725146843742,1716.0,2012.0,2150.0,1107.4605268172386,0.1644779217984882,lower middle,0.00793775927229734,0.010397934032245093,0.01117302542635179,0.022228095073838938,0.02203416486614329,0.02195004663853739
189,TUR,Turkey,761.64796,2019,1990,12535.9196393844,28150.0589486703,0.028287579263843288,808.0,1098.0,1186.0,445.5844329586781,0.4149732470120735,upper middle,0.0009082896144056996,0.004074401163868924,0.004589624641545331,0.011043235079808644,0.01098705073584827,0.010933814169552969
190,TUV,Tuvalu,3544.9044,2019,1990,2703.29377494064,4831.73372549984,0.020227176301141903,,,,3326.40141219235,0.06163861225923328,upper middle,,,,,,
191,TZA,United Republic of Tanzania,1974.18755,2019,1990,1338.01904296875,2577.78955078125,0.02286938013999773,2005.0,2683.0,2966.0,1920.7624432873406,0.027061819284930455,lower middle,0.004266986940381301,0.023185358163573477,0.025348029164651065,0.04064362594972737,0.040258786401993873,0.04012261059912392
192,UGA,Uganda,1752.14878,2019,1990,901.660809496259,2250.01492164686,0.03203531548922833,2172.0,2815.0,3059.0,1712.3795024116428,0.02269743188609652,low,0.022063557056076544,0.028314467171617785,0.029490928014639373,0.0422887323631056,0.04194160831357152,0.04182821457199126
193,UKR,Ukraine,404.8818,2019,1990,16428.48046875,12804.955078125,-0.008555749160214954,536.0,771.0,810.0,335.05319668532684,0.1724666391887043,lower middle,0.009272295267381159,0.014332881991956814,0.014749609519377316,0.020152075035523964,0.020899760433642056,0.020924442698089907
194,URY,Uruguay,627.54541,2019,1990,11112.7364045813,23552.842731429,0.02624025341470504,699.0,868.0,991.0,414.53660236977186,0.3394317036439293,high,0.002156554792723364,0.005092516539363601,0.006296680606580729,0.013157704673516069,0.01328729820413499,0.013265992758408673
195,USA,United States,967.21914,2019,1990,40451.498404837,62470.9299128669,0.015098980577769261,1073.0,1398.0,1528.0,203.40190406268158,0.7897044261730785,high,7.136475443414447e-05,8.760866721035931e-05,5.543139628017002e-05,0.0010997992016312796,0.0008897741422360106,0.0007987197362688825
196,UZB,Uzbekistan,1080.56806,2019,1990,3638.87684030839,7403.74278036323,0.02479589739405985,1194.0,1609.0,1761.0,973.2901264425085,0.09927920093944986,lower middle,0.006357827751950262,0.014372803775266174,0.015683622290662003,0.027735475198899406,0.027441924453228905,0.02733650002290311
197,VCT,Saint Vincent and the Grenadines,3161.65295,2019,1990,6480.04231703346,14183.2389300494,0.027379630656673593,3748.0,4032.0,4341.0,2400.3024035861868,0.24080775418877443,upper middle,0.0038666020912745402,0.0049990918208122626,0.00594761593558224,0.01814243354986589,0.018044561918620472,0.017945809380812916
198,VEN,Bolivarian Republic of Venezuela,2698.63303,2019,1990,,,,3025.0,3536.0,3828.0,,,,,,,,,
199,VIR,United States Virgin Islands,3108.07969,2019,1990,,,,,,,,,high,,,,,,
200,VNM,Viet Nam,3034.63204,2019,1990,2099.39464903207,10252.0046223512,0.056206371496060115,3358.0,3840.0,4039.0,2549.378291560299,0.15990530055818586,lower middle,0.003950153808318202,0.007164626855711731,0.00805623914828879,0.02237851133937152,0.022197935968296,0.022129979156197743
201,VUT,Vanuatu,2693.38866,2019,1990,2774.13834955161,3070.40405038143,0.003505058440042008,2455.0,2744.0,3003.0,2601.5446881067746,0.03409978413335468,lower middle,,0.0040514797262998226,0.013231382908979405,0.038134516838506105,0.03798495248527223,0.03786256962197254
202,WSM,Western Samoa,3105.88948,2019,1990,3655.95187219683,6346.25634091549,0.01919952300593586,3699.0,4082.0,4222.0,2835.743121536058,0.08697874158224772,lower middle,0.009496359211813798,0.012082291988688043,0.012780575060115318,0.02831906996059841,0.028185736754337,0.028140175887262142
203,XKX,Kosovo,371.80004,2019,2008,7032.45229722004,11318.462250308,0.04421312660947341,,,,316.12239674672685,0.14975157951374396,upper middle,,,,,,
204,YEM,Yemen,2152.03753,2019,1990,,,,1853.0,2348.0,2481.0,,,low,,,,,,
205,ZAF,South Africa,824.97062,2019,1990,10391.9641372069,13852.20596866,0.009960021249443063,1025.0,1386.0,1570.0,657.8842397435888,0.20253615850757367,upper middle,0.006243233134746395,0.0104517074119308,0.0115094655306347,0.0199138082812782,0.019684774511278036,0.019553707827307365
206,ZMB,Zambia,1596.08778,2019,1990,2290.03922595464,3372.3589795823,0.013435788993992226,1809.0,2443.0,2765.0,1535.6309812651618,0.03787811641214256,lower middle,0.01367928086382375,0.022827725271370225,0.02465297002243161,0.03732605814853174,0.036939512530676843,0.03677329335916113
207,ZWE,Zimbabwe,1442.73567,2019,1990,2704.75729926729,2203.39680951757,-0.007044450415645831,1498.0,2023.0,2255.0,1410.9695098167704,0.02201800429820222,lower middle,0.009504767056951469,0.026230897146771515,0.02843453335890489,0.04301123220479908,0.04265030423517069,0.0425088940012166
