,ISO3,CDD,Year_ref,Year_past,GDP_past,GDP,gdp_historical_growth,CDD_ssp1_rcp26_2100,CDD_ssp2_rcp45_2100,CDD_ssp5_rcp60_2100,Country,income_group,CDD_ssp1_rcp26_2100_diff,CDD_ssp2_rcp45_2100_diff,CDD_ssp5_rcp60_2100_diff,exposure_times_cdd,ac_adoption,gdp_const_ssp1_rcp26,gdp_const_ssp2_rcp45,gdp_const_ssp5_rcp60,gdp_const_ssp1_rcp26_custom_exp_cdd,gdp_const_ssp2_rcp45_custom_exp_cdd,gdp_const_ssp5_rcp60_custom_exp_cdd
0,AFG,876.75506,2019,2002.0,1280.46317065778,2079.92186098824,0.028946838096623573,1078.0,1346.0,1526.0,Afghanistan,low,201.24494000000004,469.24494000000004,649.24494,860.3627342438621,0.018696585288185186,0.022732749364384075,0.028826447708404368,0.030902324817787985,0.04243790291566518,0.04269930496133734,0.04279101324100254
1,ALB,630.35247,2019,1990.0,4827.02770509029,13653.182207385,0.036503638229296476,828.0,1119.0,1189.0,Albania,upper middle,197.64752999999996,488.64752999999996,558.64753,498.6743586050687,0.2088960028901471,0.006940923741169058,0.010758833614555874,0.011299458234977022,0.017974993379512805,0.018554080776856274,0.018631043642717948
2,DZA,1231.21753,2019,1990.0,8828.87447349486,11627.2799177398,0.009539228872294636,1407.0,1750.0,1855.0,Algeria,lower middle,175.7824700000001,518.7824700000001,623.7824700000001,1009.3456196763585,0.18020528860049723,0.004497494250236489,0.008702344641026816,0.009495513970040559,0.020814192193827852,0.02093107663709537,0.0209482865774564
3,AGO,2169.94281,2019,1990.0,5793.08451204045,6602.26921128365,0.00451874886480752,1758.0,2389.0,2630.0,Angola,lower middle,-411.94281,219.05719,460.05719,1975.950940792182,0.08939953086036301,,0.006198409140293126,0.009701372729665536,0.02809076735273197,0.028128667089622583,0.028118480669736545
4,ARG,850.95843,2019,1990.0,14136.5254005803,22071.7480998394,0.01548195098552263,932.0,1217.0,1383.0,Argentina,upper middle,81.04156999999998,366.04157,532.04157,538.5240509640645,0.36715586569362213,0.001549558972445464,0.004712312443581057,0.005761384765290645,0.012226545534485433,0.012634988174189399,0.012755281016270548
5,ARM,367.0943,2019,1990.0,5153.29821050756,14317.5528692827,0.03586433388488164,371.0,677.0,874.0,Armenia,upper middle,3.9057000000000244,309.9057,506.9057,289.35657859558484,0.21176499173213836,0.000414068181007643,0.011634002318228864,0.013573980181194045,0.012650004377585233,0.016743413703879995,0.017510258248207622
6,AUS,790.79296,2019,1990.0,31006.100226642,49379.093333787,0.016175749235966208,777.0,963.0,1128.0,Australia,high,-13.792959999999994,172.20704,337.20704,215.40289463363993,0.7276115171363691,,0.0007487954272662467,0.001188410085031677,0.00177422588034859,0.002276992793673438,0.0025268051429028215
7,AUT,247.14882,2019,1990.0,37494.5604129864,55806.4382499366,0.013808026955007158,446.0,609.0,689.0,Austria,high,198.85118,361.85118,441.85118,88.79856018840646,0.6407081361407817,0.0030017408429812154,0.0034490566563700753,0.0035170550641829834,,,
8,AZE,793.054,2019,1990.0,7616.91027506113,14442.0408668016,0.022306271771311392,951.0,1344.0,1470.0,Azerbaijan,upper middle,157.94600000000003,550.946,676.946,613.0134859726212,0.22702175895636212,0.004735798886057241,0.009481335068463048,0.010273766202808066,0.017581070675789068,0.018048916496459455,0.018116564353811926
9,BHS,2783.32722,2019,1990.0,35674.4556311246,33862.9446487499,-0.0017954058375363458,3061.0,3365.0,3521.0,Bahamas,high,277.6727799999999,581.6727799999999,737.6727799999999,990.2269712562514,0.6442290492685041,0.0005293534920798315,0.0009864578714464667,0.0011837908866194624,0.007543134416039932,0.007514861799930328,0.007499332065086239
10,BGD,2874.67348,2019,1990.0,1730.36894499325,5467.20752090206,0.04046748275006595,3335.0,4068.0,4142.0,Bangladesh,lower middle,460.3265200000001,1193.32652,1267.32652,2672.901404484785,0.07018956306481638,0.009678472492277823,0.014947014997858998,0.015277416859551973,0.03045728577200646,0.030380068703655505,0.030372035274106368
11,BLR,166.58561,2019,1990.0,8895.17217109963,19288.0406878264,0.027048184288959165,357.0,551.0,577.0,Belarus,upper middle,190.41439,384.41439,410.41439,121.54214434288961,0.2703922965321578,0.012294268531343189,0.014476389668551803,0.014614216623610954,0.008494370082762881,0.012065540009407183,0.01230845033433492
12,BEL,149.1616,2019,1990.0,35506.9265146541,51987.7139145095,0.013234382792935762,293.0,405.0,540.0,Belgium,high,143.8384,255.8384,390.8384,65.81461312311593,0.5587697294537204,0.005531200711020423,0.006020927869053283,0.006002232271919539,,,
13,BLZ,3131.04039,2019,1990.0,6396.50071946363,9028.55148483032,0.011955065049643165,3189.0,3519.0,3760.0,Belize,upper middle,57.959609999999884,387.9596099999999,628.9596099999999,2700.639050137407,0.13746272364841416,0.0010048268549107675,0.004936106589583655,0.006770037798193851,0.02410957021075899,0.024076948248126895,0.0240517478741773
14,BEN,3506.26079,2019,1990.0,2109.55933453942,3156.43895692884,0.01399234783954717,3942.0,4424.0,4679.0,Benin,lower middle,435.7392100000002,917.7392100000002,1172.7392100000002,3388.6121954917817,0.03355386309077657,0.01314615242717565,0.017961936198897188,0.019531312401908307,0.03740535537792655,0.037352700925997295,0.037324987336250004
15,BTN,688.24217,2019,1990.0,2737.99305333418,11797.2841991497,0.0516570258362683,1464.0,1674.0,1555.0,Bhutan,lower middle,775.75783,985.75783,866.75783,566.6593293249832,0.17665706342146503,0.013518631650830004,0.014398073208995,0.013937765789625578,0.020659479852565,0.020731407904344135,0.020696058726317856
16,BIH,329.4622,2019,1994.0,1730.12267827479,14851.6485875733,0.08980277801797243,546.0,827.0,861.0,Bosnia and Herzegovina,upper middle,216.5378,497.5378,531.5378000000001,257.39596643740913,0.2187390042396088,0.010418973917881491,0.013773982216610303,0.013991363428444537,0.015285991532231868,0.016915007812957406,0.017015076467989276
17,BWA,1902.74742,2019,1990.0,9164.87250835745,15117.9906741015,0.01740867427431203,1964.0,2515.0,2700.0,Botswana,upper middle,61.25258000000008,612.2525800000001,797.2525800000001,1414.1259692305462,0.2567978522180594,0.0008551391904736416,0.00538205815300552,0.0062576917951520095,0.017656606548224874,0.017662200908603376,0.017652207619094362
18,BRA,2195.74083,2019,1990.0,10401.8424448513,14685.1278924674,0.011962443979586235,2224.0,2646.0,2890.0,Brazil,upper middle,28.259169999999813,450.2591699999998,694.2591699999998,1645.4557732814887,0.250614757989681,0.00036434040407673507,0.0040790583615628595,0.005398391481923337,0.018033063757284307,0.018020548337887243,0.018003651526885767
19,BRN,3447.11289,2019,1990.0,70358.7240942878,61424.3643132688,-0.00467181902705871,3543.0,3884.0,4028.0,Brunei Darussalam,high,95.88711000000012,436.8871100000001,580.8871100000001,173.85346465212058,0.9495654856107365,,,,0.0001174769351837135,8.237438982239276e-05,6.727054831490165e-05
20,BGR,420.92849,2019,1990.0,12507.7284145491,23266.0693152803,0.021632359652777877,677.0,942.0,1017.0,Bulgaria,upper middle,256.07151,521.07151,596.07151,269.9633580813022,0.3586479307178704,0.00635660741052968,0.008473441890052502,0.008819978675587814,0.010667334586276445,0.011589517560925078,0.011729097718499393
21,BFA,3993.88824,2019,1990.0,981.844761883421,2110.06231119074,0.026731724132555312,4311.0,4870.0,5211.0,Burkina Faso,low,317.1117599999998,876.1117599999998,1217.1117599999998,3916.271005190053,0.019434002692560903,0.01415935835043558,0.021248801258366035,0.023504786850256032,0.04253560357799491,0.04247468450623093,0.04243837011944862
22,BDI,1078.00996,2019,1990.0,1175.15508588164,729.658462620426,-0.016299455680501507,1396.0,2213.0,2368.0,Burundi,low,317.9900399999999,1134.99004,1289.99004,1073.107108931755,0.004548057300180375,0.03727977973965224,0.04586769238675159,0.04653609918811785,0.05630196088708628,0.05647109445748422,0.05647013072818119
23,KHM,3877.86749,2019,1993.0,1716.84095776483,4464.29444969141,0.03743862702703882,3952.0,4405.0,4655.0,Cambodia,lower middle,74.13250999999991,527.1325099999999,777.1325099999999,3669.0346390094096,0.053852497933236654,0.0025934285560675896,0.010398770899271659,0.012619351875095663,0.03297383514287566,0.03292455357294077,0.032897479253703565
24,CMR,2657.92843,2019,1990.0,3483.1868621115,3756.50956165869,0.002608312242317501,2908.0,3500.0,3725.0,Cameroon,lower middle,250.07157000000007,842.0715700000001,1067.07157,2545.6639859590205,0.04223757222875235,0.009990867866099373,0.017457326495408765,0.01891787628936159,0.03528166157558155,0.03522574998352401,0.03520205080485561
25,CAN,160.29738,2019,1990.0,34562.8663465938,49175.6770500696,0.012233509242049578,335.0,579.0,582.0,Canada,high,174.70262,418.70262,421.70262,71.95403354696965,0.5511215869718541,0.005667102103688704,0.006173800259002826,0.006172888233451523,,0.0006962883658212515,0.0007218279741387779
26,CAF,3003.84314,2019,1990.0,1200.61339024031,861.766788755873,-0.011369465805149415,3082.0,3761.0,4007.0,Central African Republic,low,78.15686000000005,757.15686,1003.15686,2986.6333343223423,0.005729262440001381,0.01543043384249021,0.03325424554052803,0.035321720557890623,0.05425580869455149,0.05418606144171667,0.05415897441280504
27,TCD,3748.54714,2019,1990.0,1027.24442257679,1561.99667256928,0.014556131166957309,4108.0,4595.0,4976.0,Chad,low,359.4528599999999,846.4528599999999,1227.4528599999999,3700.2212190568634,0.012891906954419885,0.018702840167181156,0.02502850364946707,0.027654280697473332,0.046436124879534635,0.04638250045886827,0.04634116679269962
28,CHL,175.72575,2019,1990.0,9701.82379080639,24809.8609735994,0.03290663500243607,106.0,190.0,241.0,Chile,high,-69.72575,14.274249999999995,65.27425,115.3286611146121,0.3437008456949986,,0.0017987464194233471,0.005853217739864469,,,
29,COL,1429.38555,2019,1990.0,8434.95933574977,14616.1351241706,0.019137408971884096,1874.0,2185.0,2252.0,Colombia,upper middle,444.61445000000003,755.61445,822.61445,1084.8597187608138,0.24103072207438092,0.005715627446680305,0.007614514913564463,0.007924725127772536,0.0180713224372111,0.018091761932470973,0.018092386641473723
30,COM,2996.85716,2019,1990.0,2922.71225211885,3290.65052676586,0.004097102514684092,2580.0,2909.0,3119.0,Comoros,lower middle,-416.85716,-87.85716000000002,122.14283999999998,2890.7765343208557,0.03539729123397539,,,0.00664743240935195,0.0369977002126507,0.03697526562765008,0.03695696398682746
31,CRI,1304.31538,2019,1990.0,9810.55130671056,20818.061678299,0.026282996861516583,2417.0,2878.0,3065.0,Costa Rica,upper middle,1112.68462,1573.68462,1760.68462,834.3926058555348,0.36028308900602335,0.0064900744864888615,0.007383216748058308,0.007652567766975871,0.01365409103302917,0.013627986926076474,0.013612475854476225
32,CIV,3121.59607,2019,1990.0,4351.47678203302,5132.34156942981,0.0057074923588851245,3554.0,4067.0,4280.0,Cote d'Ivoire,lower middle,432.40392999999995,945.40393,1158.40393,2919.8394599967614,0.06463251666101655,0.009404102573955075,0.013763578269545773,0.014917182738046764,0.031239374876928627,0.03118451794940702,0.031161364162742178
33,HRV,521.68235,2019,1995.0,15083.558943419,29347.5161917663,0.028121592509674054,772.0,1077.0,1117.0,Croatia,high,250.31764999999996,555.31765,595.31765,282.6790389249538,0.4581395385046978,0.004026096006621405,0.005859042381451962,0.006005591792692444,0.00821122721714218,0.008922826780697557,0.008974338532247828
34,CYP,1570.97282,2019,1990.0,25232.609375,41739.46484375,0.017506995788090896,1660.0,1881.0,2007.0,Cyprus,high,89.02718000000004,310.02718000000004,436.02718000000004,451.6314258907666,0.7125148060226996,0.00024231883820080569,0.0007214862715509973,0.0009363383105176482,0.00492835098903277,0.004968553013166899,0.004980424900709268
35,CZE,247.12542,2019,1990.0,23585.1814938054,40989.7266228223,0.019241495776139983,389.0,524.0,620.0,Czechia,high,141.87458,276.87458000000004,372.87458000000004,115.12129812748401,0.534158411840093,0.00404377147082946,0.005320153890156165,0.005749851730937561,7.9523955115679e-05,0.00240456749286988,0.003268533452122524
36,COD,2184.36589,2019,1990.0,1750.16973868902,1059.89211136718,-0.01714598327980532,2589.0,3266.0,3506.0,DR Congo,low,404.63410999999996,1081.63411,1321.63411,2167.8168546327406,0.007576127901932961,0.028534418683952456,0.03571319356467395,0.03700302037394865,0.05160324323599941,0.05154822539240267,0.05152363298344942
37,DNK,62.27477,2019,1990.0,39027.9787365148,56813.9641554635,0.013032584827722182,126.0,207.0,287.0,Denmark,high,63.72523,144.72523,224.72523,32.689059967975574,0.4750834090920677,0.007888163454729202,0.011301189942257706,0.014210312844598061,,,
38,DJI,3816.20573,2019,2013.0,3664.26803619943,4768.11300470727,0.04486428412866439,4081.0,4573.0,4828.0,Djibouti,lower middle,264.79426999999987,756.7942699999999,1011.7942699999999,3591.598117798926,0.05885626407281608,0.006515086421405858,0.01193378080956764,0.013603453718908698,0.032120544641873305,0.03206709485439152,0.03203968974029636
39,DOM,2698.51589,2019,1990.0,6207.11211279231,18171.0609627655,0.037733617687016,2765.0,3118.0,3346.0,Dominican Republic,upper middle,66.48410999999987,419.4841099999999,647.4841099999999,1807.2998769014523,0.3302615398342338,0.000471393571434664,0.0024081827846522685,0.0033175661826370106,0.015339501749662476,0.0153109290689879,0.015289385031487912
40,ECU,1383.03963,2019,1990.0,8120.00116107894,11390.2169659569,0.011738169239754681,2776.0,2561.0,2608.0,Ecuador,upper middle,1392.96037,1177.96037,1224.96037,1138.3207682524971,0.17694276898450323,0.012361533491887622,0.011711707247837655,0.011866211318893205,0.021210460846603274,0.021223474068566617,0.021221035601660443
41,EGY,2169.35584,2019,1990.0,6291.70540537498,11780.9620965028,0.021865014051010823,2193.0,2562.0,2847.0,Egypt,lower middle,23.64415999999983,392.64415999999983,677.6441599999998,1757.1584192956661,0.19000913225205784,0.00043070621892549177,0.004893764159807024,0.006869414315242128,0.020805905663678015,0.0207982555438444,0.020780098787199552
42,SLV,3111.70808,2019,1990.0,5191.97145510929,9023.0265751173,0.019240212363084153,2927.0,3454.0,3534.0,El Salvador,lower middle,-184.70807999999988,342.2919200000001,422.2919200000001,2684.44470565087,0.13730830893016466,,0.004540924295070914,0.0052634705621072975,0.02414041157111768,0.024091325580400946,0.0240831440574647
43,GNQ,2531.12831,2019,1990.0,936.419750712983,16240.3698101562,0.10338851798872883,2733.0,3212.0,3407.0,Equatorial Guinea,upper middle,201.87168999999994,680.87169,875.87169,1805.2159802862327,0.286793967277687,0.0016614336517273287,0.004215888839484316,0.004936653292789028,0.01675071803639394,0.016711251561295937,0.01669232074914828
44,EST,59.12205,2019,1995.0,12730.7174142214,36153.4319482746,0.044449293580959504,171.0,278.0,331.0,Estonia,high,111.87795,218.87795,271.87795,36.2377077027655,0.38706949940393653,0.015528974682244678,0.019567568573822136,0.01656630214924193,,,
45,ETH,988.72931,2019,1990.0,767.170418557348,2181.65887703263,0.03669630738675922,1146.0,1814.0,1982.0,Ethiopia,low,157.27068999999995,825.27069,993.27069,968.9873878855157,0.01996696357113592,0.01936154417950453,0.03085826345376952,0.03188319207149126,0.041910065093229365,0.042251897676524264,0.042271824928023616
46,FJI,2627.50087,2019,1990.0,7889.87858590517,13241.3539504487,0.018014267380145776,2302.0,2662.0,2885.0,Fiji,upper middle,-325.50086999999985,34.49913000000015,257.49913000000015,2041.0325393923608,0.2232038578193274,,0.000423119107289871,0.0026137338440370694,0.019334550449729315,0.019321114711298826,0.019305537816581397
47,FIN,47.37731,2019,1990.0,32939.3832880618,48583.4339897935,0.013490657869530631,119.0,189.0,241.0,Finland,high,71.62269,141.62269,193.62269,27.26751530068169,0.42446045795589304,0.009502351347186133,0.012552104421878374,0.014540212806902097,,,
48,FRA,308.48687,2019,1990.0,33843.0203949502,45922.7947390313,0.010580715945510688,467.0,661.0,791.0,France,high,158.51313,352.51313,482.51313,124.23599368867039,0.5972729935356069,0.002868103117461107,0.004000168366705914,0.00431779433197943,0.00024138584761868032,0.00212730584578269,0.0027226121545458337
49,GAB,2767.9213,2019,1990.0,17559.0061141964,14478.0017220931,-0.006630904515670388,3216.0,3727.0,3928.0,Gabon,upper middle,448.0787,959.0787,1160.0787,2074.1268006367977,0.2506554284484903,0.003394275668415103,0.005610501537773427,0.006238263237227981,0.01815374107033474,0.018102263200741486,0.0180809648854956
50,GMB,3237.72329,2019,1990.0,2080.15808488147,2083.3090583462,5.219549477319951e-05,3861.0,4258.0,4424.0,Gambia,low,623.2767100000001,1020.2767100000001,1186.27671,3176.0493025024866,0.019048566530684985,0.02059841475116797,0.02403355639590332,0.025044097882649385,0.04274920034060248,0.042705673855468085,0.04268743952475451
51,GEO,436.60517,2019,1990.0,11135.4628892798,14989.2581602038,0.010300932762076664,523.0,877.0,1056.0,Georgia,upper middle,86.39483000000001,440.39483,619.39483,337.9114787587513,0.22604792160672016,0.004976726201982418,0.01160071365160742,0.012827553664978453,0.014920144907936805,0.016942393238935427,0.01729650078595224
52,DEU,213.08829,2019,1990.0,36699.4817033163,53874.3166510099,0.01332563399251474,336.0,484.0,612.0,Germany,high,122.91171,270.91170999999997,398.91170999999997,82.84181592530875,0.6112324336296999,0.003173093732054433,0.00408526722101854,0.004275780252446015,,,
53,GHA,3433.25176,2019,1990.0,2299.63879373958,5345.94159228145,0.02951638162913528,3851.0,4333.0,4581.0,Ghana,lower middle,417.7482399999999,899.7482399999999,1147.74824,3198.116633895592,0.06848758627139195,0.008364559535538385,0.012472563127300829,0.013833034018490675,0.03068889361226068,0.030636646722500327,0.030609789632887408
54,GRC,947.01236,2019,1990.0,24262.8425808592,29721.5857620428,0.00702203995147177,1045.0,1300.0,1376.0,Greece,high,97.98764000000006,352.98764000000006,428.98764000000006,473.2894070637628,0.5002289019081411,0.0010382434081268599,0.0027910466514995402,0.003152338574458957,0.008719146877501194,0.008988548253179074,0.009037476607665074
55,GTM,1350.35619,2019,1990.0,5561.07068412655,8673.00201631063,0.015443006355923883,1698.0,2273.0,2306.0,Guatemala,upper middle,347.64381000000003,922.64381,955.64381,1181.4911908005276,0.12505219026653436,0.008744317696721016,0.013504520352492388,0.013668475775335587,0.024621467021830323,0.024673476262317973,0.024673271410043718
56,GIN,3036.38941,2019,1990.0,1507.19852172471,2545.1402015108,0.01823084776178896,3232.0,3794.0,4036.0,Guinea,low,195.61058999999977,757.6105899999998,999.6105899999998,2960.5274419903167,0.024984268407682086,0.011114476605953438,0.020157602638775085,0.02201717144929871,0.040240276686605236,0.040182012460418415,0.04015567314764068
57,GNB,3557.95151,2019,1990.0,1998.17320635701,1890.53310322385,-0.0019076440552734386,3738.0,4156.0,4389.0,Guinea-Bissau,low,180.04849000000013,598.0484900000001,831.0484900000001,3498.498613814284,0.01670986690476728,0.012275115027409633,0.020685988994343596,0.023040062785180337,0.044013284252409246,0.043967594838690616,0.04394195447602134
58,GUY,3068.10472,2019,1990.0,4818.38799518684,12820.4897019679,0.034320829053880786,3569.0,4028.0,4367.0,Guyana,upper middle,500.8952800000002,959.8952800000002,1298.8952800000002,2403.6268605131554,0.2165760037965211,0.003942736530430313,0.006013748003884212,0.0070941180722732256,0.01964811733820837,0.019599606967679373,0.019563181192385093
59,HTI,2759.37184,2019,1990.0,3612.81510511417,3112.29594285407,-0.005129096784696974,2967.0,3324.0,3563.0,Haiti,low,207.6281600000002,564.6281600000002,803.6281600000002,2668.9453945434407,0.03277066328855449,0.010304685777714928,0.016656199996989418,0.01897952411805126,0.03768408693624514,0.037650863697514136,0.037626373147415126
60,HND,2230.23759,2019,1990.0,3912.70204526407,5613.66058791544,0.01252519908201144,2406.0,2886.0,2950.0,Honduras,lower middle,175.76240999999982,655.7624099999998,719.7624099999998,2069.394508411254,0.07211925864308766,0.006179423907488157,0.012952881015946716,0.013479684654962965,0.030189212338758598,0.030161737229476904,0.030156536708812354
61,HKG,2274.48656,2019,1990.0,28797.7030873198,59592.0344814547,0.025393835412524712,2608.0,3005.0,3110.0,Hong Kong,high,333.5134400000002,730.5134400000002,835.5134400000002,200.19282445442403,0.9119832897784087,3.5968633075089684e-05,5.00428762406635e-05,5.0381833123669395e-05,0.000569944108312459,0.0005419576723493247,0.0005328923410683473
62,HUN,475.55314,2019,1991.0,16426.9405835293,32645.6637288361,0.024831481087231433,735.0,941.0,990.0,Hungary,high,259.44686,465.44686,514.44686,239.4544438289577,0.4964717427184737,0.0038911144581723622,0.005108543388516962,0.0053020093986857475,0.0067357032432122654,0.007366117372948677,0.00746095146769532
63,ISL,0.0,2019,1995.0,33666.1804992579,56584.1686827215,0.02187053998927757,0.0,0.0,1.0,Iceland,high,0.0,0.0,1.0,0.0,0.0,,,,,,
64,IND,3005.54795,2019,1990.0,1819.02159651277,6617.12986868393,0.045536088126231666,3478.0,3984.0,4115.0,India,lower middle,472.4520499999999,978.4520499999999,1109.4520499999999,2732.6473113017314,0.09079896352951833,0.008012628225115614,0.011681859439192088,0.012335932198783928,0.02801724518510751,0.027963698614699384,0.027949528697420734
65,IDN,2912.33378,2019,1990.0,4519.72279421074,11857.7891170417,0.0338190940430918,3517.0,3929.0,4138.0,Indonesia,upper middle,604.6662200000001,1016.6662200000001,1225.66622,2343.6072238007746,0.19528206557396222,0.00514365357848745,0.007015719477195592,0.007732048935373381,0.02063657247816386,0.02059327634435837,0.020570845928935988
66,IRQ,2913.10609,2019,1990.0,7449.47165519372,10299.3162890193,0.011232770883830456,3029.0,3505.0,3778.0,Iraq,upper middle,115.89390999999978,591.8939099999998,864.8939099999998,2439.0645652616613,0.16272717508147427,0.0016910715886511163,0.005955777516233107,0.007448489518181889,0.022460460851733588,0.022414844382081522,0.02238634345500845
67,IRL,4.23573,2019,1990.0,26781.6276093907,86925.9065817976,0.041433293055659126,28.0,59.0,93.0,Ireland,high,23.76427,54.764269999999996,88.76427,3.589927224305431,0.1524655196848168,,,0.0009236803714331998,,,
68,IRN,1354.99549,2019,1990.0,9442.24811639528,14084.3535121898,0.013884136197312325,1505.0,1880.0,2090.0,Iran,upper middle,150.00450999999998,525.00451,735.00451,1043.9894845249817,0.2295254912435305,0.0029128344468096756,0.006800548369170656,0.008064355599711526,0.018446750091627218,0.018537994642113143,0.01855485301105597
69,ISR,1537.09814,2019,1995.0,26891.425122526,41151.0067396475,0.017884755764003835,1651.0,2044.0,2270.0,Israel,high,113.90185999999994,506.90185999999994,732.9018599999999,456.47401696755514,0.7030287103414521,0.00032609920764170575,0.001112290462938148,0.0014144142478300648,0.005102204092356288,0.005158952225936986,0.005164665874375141
70,ITA,681.71964,2019,1990.0,36585.6799028741,42739.0499116836,0.005374949203398538,799.0,1101.0,1166.0,Italy,high,117.28035999999997,419.28036,484.28036,241.4146673059047,0.6458739734916472,0.0009602341680399196,0.002269937655035026,0.0024380599511162337,0.0036401748934615785,0.004282960029763583,0.004357786124170593
71,JAM,3097.91909,2019,1990.0,8692.50223491895,10244.3661921245,0.0056804547605158184,2797.0,3119.0,3348.0,Jamaica,upper middle,-300.91908999999987,21.08091000000013,250.08091000000013,2595.5404658610432,0.16216647676842866,,0.00032103139909001044,0.0030732021008288424,0.02254657425302864,0.02251997927116589,0.022498175736273218
72,JPN,879.84362,2019,1990.0,32846.3896070232,41654.3279152693,0.00822548775539822,1066.0,1197.0,1402.0,Japan,high,186.15638,317.15638,522.15638,301.06378147852524,0.6578212597841816,0.0010401869284888399,0.0015282638488216538,0.0020621337295592124,0.004555018761009055,0.004707578083567032,0.004855927987318154
73,JOR,1481.92829,2019,1990.0,8127.6265386227,9534.6609493486,0.0055208647203743855,1579.0,1984.0,2196.0,Jordan,upper middle,97.07170999999994,502.07170999999994,714.0717099999999,1271.6881004988713,0.14186934072304447,0.003056480868855793,0.009188886997529178,0.010837762028010678,0.023391011421294516,0.02346602665419173,0.02347551785533497
74,KAZ,543.91172,2019,1990.0,13475.6398976651,26351.8044418782,0.02339544922200365,595.0,904.0,986.0,Kazakhstan,upper middle,51.088280000000054,360.08828000000005,442.08828000000005,317.17607268223355,0.41686111731103426,0.0013572737804574686,0.00538439882380537,0.00591645145937858,0.008566506644768657,0.009950643957679528,0.010121130104858933
75,KEN,1471.73062,2019,1990.0,3655.36205689276,4601.21137258037,0.007966894507559497,1420.0,2021.0,2190.0,Kenya,lower middle,-51.730620000000044,549.26938,718.26938,1391.3146357038897,0.054640423460178056,,0.016759944149483008,0.01837435337092841,0.032571304639788634,0.03271659132437588,0.03272335911115709
76,KOR,755.0332,2019,1990.0,12656.3960621654,42758.5903686092,0.04287316848200917,940.0,1105.0,1287.0,South Korea,high,184.96680000000003,349.96680000000003,531.9668,259.818290515802,0.6558849458331077,0.0011935022781102145,0.0018345198703484389,0.0022992436095576885,0.004013489880362542,0.004282325247391139,0.004458837344018862
77,KWT,3462.88263,2019,1992.0,41446.9637511501,47314.7968373973,0.004916060966189573,3903.0,4355.0,4696.0,Kuwait,high,440.11736999999994,892.1173699999999,1233.11737,525.2110181057526,0.8483312678415114,0.0001894885802717905,0.0003344218123706444,0.00042021000339054204,0.003307861567724224,0.00326012712941548,0.003224260017280045
78,KGZ,252.31133,2019,1990.0,5158.31756938857,5258.36669631142,0.0006626329145367205,221.0,455.0,543.0,Kyrgyz Republic,lower middle,-31.311329999999998,202.68867,290.68867,236.72828847966542,0.06176116435331924,,0.022377635280474095,0.024487389445077,0.01517822081715936,0.027165096458829918,0.02835271917786475
79,LAO,2620.65878,2019,1990.0,1939.08623861287,7840.07138309428,0.04935268732508735,2876.0,3496.0,3703.0,Laos,lower middle,255.3412199999998,875.3412199999998,1082.3412199999998,2324.211727234669,0.11311928703870833,0.004958138449635996,0.010343955955622874,0.011381949837359295,0.025922872301312738,0.025865339418514655,0.025843770847530312
80,LVA,104.04162,2019,1995.0,9599.14600512054,31038.6792668747,0.05011358412832312,221.0,360.0,409.0,Latvia,high,116.95838,255.95838,304.95838000000003,64.13434740628855,0.38357027306679237,0.011009109155426522,0.012581695746905375,0.012648550564976935,,0.002685429419080787,0.0040009361143382716
81,LBN,1056.62027,2019,1990.0,5855.80521329743,17185.0470183692,0.03782206537874089,1050.0,1345.0,1544.0,Lebanon,upper middle,-6.620269999999891,288.3797300000001,487.3797300000001,756.0091933879446,0.28450246994793627,,0.004587151814517965,0.006270010377243951,0.01557214967625864,0.015866280981450043,0.01596294193042791
82,LSO,229.16774,2019,1990.0,1265.91890955313,2452.02766699795,0.023058979772033084,242.0,402.0,519.0,Lesotho,lower middle,12.832259999999991,172.83226,289.83226,223.92901678283977,0.022859776062548076,0.011350185532921664,0.03112619105253156,0.034422543619287094,0.02753205289237326,0.035795370789740266,0.03781213786744164
83,LBR,2922.18878,2019,2000.0,1725.14489392022,1455.63764867217,-0.008900521760791147,3204.0,3708.0,3896.0,Liberia,low,281.81122000000005,785.81122,973.81122,2888.041461293966,0.01168552796443001,0.019623245216818574,0.02729946226485125,0.02882271790577695,0.047443427291127716,0.04739135848955178,0.047370903588775715
84,LBY,1725.61074,2019,1999.0,26668.4443358796,22535.4456198617,-0.008384233407065733,1949.0,2317.0,2464.0,Libya,upper middle,223.38925999999992,591.3892599999999,738.3892599999999,1027.4555557471824,0.4045843990590935,0.0016469473868530038,0.0033954348652183164,0.003897403753743367,0.01265214185398289,0.0126646406771036,0.012661064272193823
85,LTU,150.80232,2019,1995.0,10640.3600314613,37184.4536013211,0.05351780152665708,258.0,417.0,460.0,Lithuania,high,107.19767999999999,266.19768,309.19768,81.28871187732072,0.4609584794363859,0.006543895279037759,0.008583647616027257,0.008754297485244589,,0.0019390429880936644,0.0027397238090658416
86,LUX,165.42047,2019,1990.0,70860.8191239509,114542.496933956,0.0166974647952447,334.0,505.0,637.0,Luxembourg,high,168.57953,339.57953,471.57953,47.715510895034384,0.711550143128995,,,,,,
87,MDG,1609.82872,2019,1990.0,1808.74353873908,1585.47165110942,-0.004532816052504773,1511.0,2028.0,2117.0,Madagascar,low,-98.82871999999998,418.17128,507.17128,1588.8205039114723,0.013049969743692769,,0.026429872569741164,0.027844927161374322,0.046285482807531864,0.04639067777379946,0.0463951563824998
88,MWI,1529.49885,2019,1990.0,936.986299651878,1517.70316939192,0.016769564886886412,1848.0,2513.0,2809.0,Malawi,low,318.50115000000005,983.50115,1279.50115,1510.6942386740245,0.012294622729513982,0.025323760079570157,0.03326209487097298,0.03481918743358725,0.0469369125251633,0.046956074792763314,0.04693803401159391
89,MYS,3342.81154,2019,1990.0,10607.7680731014,27674.3974895709,0.03361901022731417,3306.0,3818.0,3986.0,Malaysia,upper middle,-36.81154000000015,475.18845999999985,643.1884599999998,1532.9209822876128,0.5414276383981812,,0.0010453846492888275,0.001337533673585023,0.010033979108508229,0.009981940402253198,0.009964193730557902
90,MLI,3969.02617,2019,1990.0,1336.57190539601,2219.04674252443,0.017635411604186357,4323.0,4902.0,5286.0,Mali,low,353.9738299999999,932.9738299999999,1316.97383,3886.4200889283497,0.020812682389456327,0.014437508992447778,0.021150106436447436,0.023480642063585133,0.04188631036259993,0.041823308123324576,0.04178258509956456
91,MRT,3721.76061,2019,1990.0,4611.94118707035,5505.64633125718,0.006126460153105917,4479.0,4998.0,5274.0,Mauritania,lower middle,757.2393900000002,1276.2393900000002,1552.2393900000002,3455.8459413124715,0.07144862245385752,0.01075184254861239,0.013610871605178598,0.014677651250938784,0.03024634013759475,0.03019079155333637,0.03016192754692204
92,MUS,2376.85923,2019,1990.0,8233.91191179834,23676.4135788934,0.037092696623525434,2263.0,2616.0,2775.0,Mauritius,high,-113.85923000000003,239.14076999999997,398.14077,1326.8654341342615,0.44175682876504996,,0.0011366442371649743,0.0017368951598879523,0.012047689468142275,0.012036804407669743,0.01202683060850429
93,MEX,1233.20239,2019,1990.0,15218.3084360329,20064.5004997154,0.00957844118197615,1269.0,1595.0,1856.0,Mexico,upper middle,35.79761000000008,361.7976100000001,622.7976100000001,809.0698197173514,0.34392778810836444,0.000553160048110346,0.003861088543492208,0.005349117340763598,0.013871642477875978,0.014038881263503278,0.014094648109185481
94,MNG,121.57768,2019,1990.0,5030.07325208107,12458.0184257633,0.031767597498466804,167.0,305.0,357.0,Mongolia,lower middle,45.42232,183.42232,235.42232,101.22843608612776,0.1673764782637096,0.010659115765559113,0.01872389328508306,0.019734009610259173,,0.011799290021146325,0.013951474828714616
95,MNE,384.05217,2019,1997.0,12579.285087423,21533.963774298,0.02473644590428048,389.0,625.0,662.0,Montenegro,upper middle,4.94783000000001,240.94783,277.94783,257.7699301139623,0.32881532705839867,0.0002997075774930913,0.007135134675122723,0.007623401483233261,0.008058608922753674,0.01130840281183465,0.01154684007703799
96,MAR,897.2608,2019,1990.0,4119.8720703125,8217.5986328125,0.024094517632962775,1141.0,1480.0,1591.0,Morocco,lower middle,243.73919999999998,582.7392,693.7392,794.581320363044,0.11443660487224672,0.009782562508245052,0.014326640258816248,0.015186864466254724,0.024984333322171537,0.025233148622084034,0.025274807642295505
97,MOZ,2251.88349,2019,1990.0,460.123696680511,1285.18275959651,0.03605407640082814,2551.0,3101.0,3418.0,Mozambique,low,299.11650999999983,849.1165099999998,1166.1165099999998,2229.7138629783435,0.009844926311732283,0.023617581731776305,0.03142569012306318,0.03356187639302233,0.04910596102804066,0.0490649438094557,0.049033741463376135
98,MMR,3027.15466,2019,1990.0,581.613311207808,4829.53670703209,0.07571940905911245,3353.0,3920.0,4094.0,Myanmar,lower middle,325.84533999999985,892.8453399999999,1066.8453399999999,2847.0670719558457,0.05949071265627193,0.008600282624176447,0.01425483529687499,0.01528841037169859,0.03203441320628264,0.03197491353197557,0.03195604506104077
99,NAM,2077.20185,2019,1990.0,6223.45299390074,10009.578071046,0.01652181210744197,1737.0,2384.0,2624.0,Namibia,upper middle,-340.2018499999999,306.7981500000001,546.7981500000001,1757.6555930808531,0.15383495682865234,,0.005153812499681054,0.007411960685498986,0.02281847325100328,0.022860428918087594,0.022850514010291034
100,NPL,1619.24067,2019,1990.0,1554.6020430045,3922.08133124638,0.0324250411926752,2109.0,2530.0,2694.0,Nepal,lower middle,489.7593300000001,910.7593300000001,1074.75933,1547.581369091154,0.04425487960899954,0.017082884842253065,0.02091781646629376,0.021867312413600182,0.03475926295855647,0.03475527977572401,0.034746178748088274
101,NLD,134.09884,2019,1990.0,36461.4190196424,56784.0372529824,0.015393154166584377,200.0,289.0,394.0,Netherlands,high,65.90116,154.90116,259.90116,57.84820574669522,0.5686151666435353,0.004526360008743735,0.0058647303528420736,0.005917871976829137,,,
102,NZL,155.26919,2019,1990.0,27998.3977677454,43272.5669090792,0.015126071783313266,166.0,297.0,355.0,New Zealand,high,10.730809999999991,141.73081,199.73081,76.09391018121624,0.5099226692609382,0.0010287882649282487,0.006257784359809948,0.0068834027740452,,,
103,NIC,3015.66863,2019,1990.0,3409.79425137619,5398.09441484394,0.01596731079538305,3202.0,3605.0,3779.0,Nicaragua,lower middle,186.33136999999988,589.3313699999999,763.3313699999999,2807.270535535041,0.06910510405281467,0.005336978248545288,0.010836876676866503,0.012272654777910619,0.03063207328522677,0.030591519585136506,0.030573085420942725
104,NER,3954.08747,2019,1990.0,1077.91146474223,1217.44598648234,0.004206403936683367,4443.0,5022.0,5406.0,Niger,low,488.91253000000006,1067.91253,1451.91253,3917.768331484541,0.009185213729088093,0.02345103942705462,0.029308321835006534,0.03146350054712799,0.049623560198670535,0.04956041728778371,0.04951972929294035
105,NGA,3251.74999,2019,1990.0,3259.58117509029,5076.36829020617,0.015393043020967223,3721.0,4279.0,4545.0,Nigeria,lower middle,469.2500100000002,1027.2500100000002,1293.2500100000002,3044.411307625071,0.06376218436612613,0.009693884177476964,0.014085447960870745,0.015388892017321076,0.031361405038074386,0.03130108248756058,0.03127222693925136
106,NOR,26.5493,2019,1990.0,42302.2634118752,64983.3542076922,0.014913231446203268,57.0,91.0,150.0,Norway,high,30.4507,64.4507,123.4507,16.425804759963146,0.3813093090980497,0.0021699998125932485,0.004407842804325268,0.0073175558467868385,,,
107,OMN,3571.08601,2019,1990.0,30462.2010842738,33814.1116228719,0.003606197521739407,3396.0,3826.0,4090.0,Oman,high,-175.08601,254.91399,518.91399,1205.9639543423232,0.6622977013252271,,0.00035655198052841897,0.0006688037760353982,0.007529768874848797,0.007485786698450347,0.007457900549407981
108,PAK,2683.01501,2019,1990.0,3061.53338764049,5157.546571801,0.01814700534083724,3292.0,3578.0,3760.0,Pakistan,lower middle,608.9849899999999,894.9849899999999,1076.98499,2509.2592089356053,0.06476139731487929,0.012172102198515722,0.014381996687481857,0.015436133114022477,0.031203559364442857,0.03117450332450189,0.03115526284868575
109,PAN,2888.57141,2019,1990.0,11211.8311737749,32788.3325108816,0.03769671218445403,3045.0,3422.0,3691.0,Panama,high,156.42858999999999,533.42859,802.42859,1073.450463760438,0.6283801535789493,0.0003222646214968705,0.0009494245646100019,0.0013016006505062183,0.007945737194975155,0.007910449070107406,0.007883105462130224
110,PNG,1424.25797,2019,1990.0,2907.40181039141,3947.93392384711,0.010605239407552425,2586.0,2966.0,3251.0,Papua New Guinea,lower middle,1161.74203,1541.74203,1826.74203,1360.8626785797042,0.04451110174956274,0.02307047530895545,0.024492212654285028,0.02526465468484207,0.034668589080408374,0.03464179873138118,0.03461575821273799
111,PRY,2067.12364,2019,1990.0,8818.62937058954,13609.72300919,0.015075191337133198,2077.0,2753.0,2899.0,Paraguay,upper middle,9.876360000000204,685.8763600000002,831.8763600000002,1597.765219740881,0.22705870668632033,0.0001560628242815998,0.006111668894811073,0.006801619123005587,0.018985417119566472,0.018970006757572877,0.018959192666850422
112,CHN,1152.79527,2019,1990.0,1423.89634790711,15977.7638279876,0.0869465635648794,1344.0,1581.0,1764.0,China,upper middle,191.20472999999993,428.2047299999999,611.2047299999999,849.1531148184439,0.2633964270009159,0.003482103783658985,0.005937488644031763,0.00717841692140353,0.01677960398035916,0.016889686950910088,0.01693544683185544
113,PER,604.3276,2019,1990.0,5240.25762333255,12735.16827797,0.03109420621447545,1254.0,1381.0,1508.0,Peru,upper middle,649.6724,776.6724,903.6724,488.3716728619314,0.19187594135708608,0.012798247911210092,0.013466073326514394,0.013991078315878758,0.019565558345437273,0.01965339926341758,0.019714856995943775
114,PHL,3262.38354,2019,1990.0,4232.47759456684,8731.86086888555,0.025286516885039134,3361.0,3666.0,3867.0,Philippines,lower middle,98.61646000000019,403.6164600000002,604.6164600000002,2832.401659579592,0.13179991719195827,0.001641381203848935,0.00510448677913522,0.006652370558658749,0.02451546268172189,0.024484193243583974,0.024462867839705638
115,BOL,963.39522,2019,1990.0,4437.86683057006,8528.74880360829,0.022782149926718676,1913.0,1835.0,2006.0,Bolivia,lower middle,949.60478,871.60478,1042.6047800000001,847.4164517429052,0.12038545121398336,0.015809789540837338,0.015427862479988397,0.016212762198887898,0.02486906594633198,0.024859162643982025,0.024877390824294077
116,POL,252.14149,2019,1990.0,11259.4374539943,33159.7644200741,0.037948201747651344,355.0,510.0,573.0,Poland,high,102.85851,257.85851,320.85851,136.33354230709435,0.4592974670408494,0.004162281682747571,0.006522731360985912,0.006999801332022937,0.0017046281590724632,0.004866059198355144,0.005524039791341417
117,PRT,294.47128,2019,1990.0,23556.8562074936,34945.6615139469,0.01369211120575442,643.0,860.0,965.0,Portugal,high,348.52872,565.52872,670.52872,150.32949269663885,0.4894935333026743,0.00604905046098958,0.006823059407060406,0.007020032029100953,0.005401653075599588,0.006325139147551395,0.006568042210933545
118,PRI,2860.65615,2019,1990.0,21595.9785599867,34792.6467473505,0.01658075102326695,2610.0,2890.0,3147.0,Puerto Rico,high,-250.6561499999998,29.343850000000202,286.3438500000002,966.8682978429595,0.6620117039082242,,5.6073833053504885e-05,0.0004920098000622541,0.007239157182708622,0.007220425449064871,0.00719863420945388
119,QAT,3674.9178,2019,2000.0,79400.4334133216,90840.429077198,0.007109395441585731,4247.0,4707.0,5115.0,Qatar,high,572.0821999999998,1032.0821999999998,1440.0821999999998,5.114224494353662,0.9986083431595794,,,,,,
120,MDA,487.04149,2019,1995.0,5617.90810461968,12776.9218268725,0.034829538708746055,676.0,904.0,937.0,Moldova,lower middle,188.95851,416.95851,449.95851,394.63458049060034,0.18973108329928867,0.008621265744443996,0.012217615429890527,0.012541721905392711,0.018167836229053602,0.019017015468611342,0.019091844732753938
121,MKD,460.43918,2019,1990.0,11111.2456377054,16773.081717702,0.014301914724352827,570.0,852.0,920.0,North Macedonia,upper middle,109.56081999999998,391.56082,459.56082,341.96958573415156,0.2572969447687933,0.004990241553313179,0.009847840432097854,0.010438059246492326,0.013993525437210996,0.01546334383669401,0.015636363541007725
122,COG,2717.22163,2019,1990.0,5007.31924472282,3695.06169357,-0.010424711062097303,3006.0,3727.0,3952.0,Congo Republic,lower middle,288.77837,1009.77837,1234.77837,2604.9275417748568,0.041326804919164184,0.01082791384401749,0.018612229889100496,0.019831505503881797,0.03548425039403069,0.03541264314589121,0.035388377954605366
123,ROU,463.8894,2019,1990.0,13376.1021638667,30000.977830377,0.02824534684567559,677.0,923.0,999.0,Romania,high,213.11059999999998,459.1106,535.1106,250.4688161993641,0.4600678174595839,0.0039719047848929545,0.005763818073885041,0.006091242422801013,0.007500135673971897,0.008378476496413212,0.008528143574414004
124,RUS,201.01531,2019,1990.0,21482.748046875,27254.57421875,0.008239663171199396,359.0,597.0,612.0,Russia,upper middle,157.98469,395.98469,410.98469,124.78759183724935,0.37921349454800557,0.007727873946793418,0.010206277886588788,0.01027362043422042,0.004263982329796079,0.008163102241834475,0.00827795129621034
125,RWA,725.05754,2019,1990.0,933.013442984018,2190.6709601992,0.029869953886457745,961.0,1698.0,1900.0,Rwanda,low,235.94245999999998,972.94246,1174.94246,710.5595659618535,0.01999561860724386,0.024883636276715082,0.033783581707023114,0.034633847184908806,0.04157215035409623,0.04217615740006475,0.04221069403602207
126,VCT,3161.65295,2019,1990.0,6480.04231703346,14183.2389300494,0.027379630656673593,3748.0,4032.0,4341.0,St. Vincent and the Grenadines,upper middle,586.3470499999999,870.3470499999999,1179.3470499999999,2381.563492762209,0.24673468896634942,0.0037762695043199734,0.004917033665035042,0.0058886705175620335,0.01835862724583448,0.01832841380008987,0.018295250780250072
127,SAU,3540.35991,2019,1990.0,42163.801724703,47024.5443161916,0.0037694178667166955,3495.0,4055.0,4384.0,Saudi Arabia,high,-45.35991000000013,514.6400899999999,843.6400899999999,541.2282686261207,0.8471262011815853,,0.0002155490943427374,0.00032033377612594727,0.003426127866071438,0.003368072946329015,0.003333281287726919
128,SEN,3172.68754,2019,1990.0,2469.60318819172,3430.48388209103,0.011397002748277929,3763.0,4177.0,4373.0,Senegal,lower middle,590.3124600000001,1004.3124600000001,1200.31246,3053.727241275434,0.03749511958702545,0.014929150762684307,0.01832192696732826,0.01943337011530688,0.036358936299846656,0.03631396756674499,0.03629255553551736
129,SRB,522.21073,2019,1995.0,7752.20257571563,18306.8118974969,0.0364526913184271,756.0,1021.0,1086.0,Serbia,upper middle,233.78927,498.78927,563.78927,372.7041684578403,0.28629546072743417,0.006574911663969951,0.009286643778062542,0.009692260042885703,0.014039572774577236,0.014734358458829533,0.014830532920038886
130,SLE,3070.6211,2019,1990.0,1433.118655869,1655.84325026579,0.0049937185681903085,3507.0,4015.0,4203.0,Sierra Leone,low,436.37890000000016,944.3789000000002,1132.3789000000002,3027.8465704220835,0.013930253256553282,0.021046822399904297,0.02665759023724923,0.027906298525996354,0.045747718483143185,0.04569286996343647,0.045672160269705886
131,SVK,290.60547,2019,1992.0,11695.3492278696,32056.2997333253,0.038050604680246236,442.0,602.0,683.0,Slovakia,high,151.39452999999997,311.39453,392.39453,157.98822394958492,0.45634807235533137,0.004694027821942726,0.0064932832020414555,0.006982760463588589,0.00426867889706517,0.006184507107246162,0.0067091040157865045
132,SVN,350.47239,2019,1995.0,21480.327975747,39034.2332483558,0.025199843063612892,486.0,763.0,780.0,Slovenia,high,135.52760999999998,412.52761,429.52761,159.0587754008995,0.5461588988482102,0.002848360649596593,0.004836935569593637,0.004897379231795895,0.002530829332959339,0.004632549072180581,0.004696993873613886
133,SLB,3151.46672,2019,1990.0,2192.10302486372,2616.9084045149,0.006126700694552678,3086.0,3454.0,3678.0,Solomon Islands,lower middle,-65.4667199999999,302.5332800000001,526.5332800000001,3069.6511944173362,0.025961094579689425,,0.01336774720888001,0.017086294621837972,0.039896963656739004,0.039860967201576614,0.039837431588231054
134,SOM,3207.82899,2019,2013.0,889.16667704912,1138.28593747493,0.042024744340001696,3805.0,4235.0,4484.0,Somalia,low,597.17101,1027.17101,1276.17101,3180.9817355894666,0.008369291035845827,0.027492310962540012,0.03150109242394716,0.03301102939022349,0.050565581077560706,0.0505181486652182,0.05049060476555112
135,ZAF,824.97062,2019,1990.0,10391.9641372069,13852.20596866,0.009960021249443063,1025.0,1386.0,1570.0,South Africa,upper middle,200.02937999999995,561.02938,745.02938,646.1327633066254,0.21678087965529558,0.005616741711435003,0.009702039918539462,0.010808530195543398,0.018239940750816697,0.018598412800606035,0.018679781452239697
136,ESP,688.24775,2019,1990.0,27543.221532287,40782.2350436035,0.013626142735464919,837.0,1155.0,1223.0,Spain,high,148.75225,466.75225,534.75225,258.0809434642993,0.6250173815108014,0.0012541523169982138,0.002607063352276562,0.0027801976910972748,0.004342316283648451,0.004927389154755657,0.004993993238110894
137,LKA,3119.25796,2019,1990.0,4040.02841677856,13639.0218853482,0.04284712575471916,3422.0,3805.0,3948.0,Sri Lanka,lower middle,302.7420400000001,685.7420400000001,828.7420400000001,2387.504171809945,0.23459226443396008,0.0024341063275481467,0.004470847052150617,0.005054116726876945,0.01888428172226564,0.0188446284953121,0.018829411714628597
138,PSE,1603.84507,2019,1994.0,3951.20549285021,6245.44869712345,0.01848200743902151,1607.0,2029.0,2272.0,Palestine,lower middle,3.154929999999922,425.1549299999999,668.1549299999999,1472.1157453668868,0.08213344736166639,0.00020268149673219327,0.011604485752386706,0.014120140257483538,0.028759285225652187,0.028829024686804816,0.028835784357231775
139,SDN,3927.35561,2019,1990.0,2756.53002929688,4133.13037109375,0.014065673524947364,4435.0,5056.0,5471.0,Sudan,low,507.64438999999993,1128.64439,1543.64439,3736.8100331221144,0.04851752573479984,0.010796878701428758,0.0155417378713949,0.017399028988477783,0.03390464478338151,0.03383798593774179,0.03379482680795065
140,SUR,3173.00176,2019,1990.0,13633.7507927564,18449.1992080755,0.010484671660433653,3615.0,3978.0,4278.0,Suriname,upper middle,441.9982399999999,804.9982399999999,1104.99824,2090.1007469803576,0.34128597931179294,0.0020962903401609,0.003278540077274128,0.004034955246693395,0.015071831564982485,0.015033612497687976,0.015001536465707677
141,SWZ,970.20666,2019,1990.0,4909.26630206767,8501.26632860999,0.019114547587192776,1472.0,1920.0,2180.0,Eswatini,lower middle,501.79333999999994,949.79334,1209.79334,853.8462863431225,0.11993359606176845,0.012736734266175054,0.01580374227758896,0.016819510363820456,0.02480014815577003,0.024910654218634365,0.024925804237263094
142,SWE,51.60369,2019,1990.0,34156.8202971425,52850.5691792533,0.015165788857880225,117.0,176.0,245.0,Sweden,high,65.39631,124.39631,193.39631,28.661219734506282,0.4445897234382603,0.008350306750856795,0.01098202001791293,0.01361828813835153,,,
143,CHE,153.07716,2019,1990.0,56232.0260800298,69923.9312089954,0.007542839468984486,245.0,460.0,537.0,Switzerland,high,91.92284000000001,306.92284,383.92284,56.05726586580637,0.6337973224365648,0.0033958960752049627,0.003417615996932355,0.0032193411716803233,,,
144,TJK,820.52581,2019,1990.0,3990.8690350085,3575.28195629146,-0.0037847153088489405,912.0,1294.0,1485.0,Tajikistan,low,91.47419000000002,473.47419,664.47419,788.9145555924323,0.03852560641275582,0.011947394958409685,0.02292498551015365,0.02494672338193915,0.0351852718213308,0.035713070729698204,0.03582339700117676
145,THA,3679.84641,2019,1990.0,7273.05910474223,17997.1330707129,0.031735775601262395,3925.0,4436.0,4726.0,Thailand,upper middle,245.1535899999999,756.1535899999999,1046.15359,2444.6823435697465,0.3356564184509683,0.0011357106981169096,0.00285204447752907,0.0035752287308834507,0.015350185960905094,0.015295560859933444,0.015264748548098117
146,TLS,2392.45886,2019,2000.0,2314.81009900916,3737.79654389172,0.025540100685612632,2860.0,3261.0,3529.0,Timor-Leste,lower middle,467.5411399999998,868.5411399999998,1136.5411399999998,2292.322473264946,0.04185500884017468,0.014525410033540576,0.018444631290851277,0.020081553308117117,0.035349307000376085,0.03531365633565464,0.03528656744531644
147,TGO,3483.11151,2019,1990.0,1740.3102860814,2073.12978101301,0.006052588657428082,3753.0,4227.0,4470.0,Togo,low,269.8884899999998,743.8884899999998,986.8884899999998,3417.1433378728625,0.018939437321413122,0.01421680957122784,0.021346725896525864,0.023314117611313412,0.04282396460145965,0.04277213734811047,0.04274545027360799
148,TTO,3141.20648,2019,1990.0,9766.81788994698,25306.6179563327,0.03337503694677468,3338.0,3647.0,3933.0,Trinidad and Tobago,high,196.79352000000017,505.79352000000017,791.7935200000002,1604.1505274982983,0.4893202539495912,0.0006151554353754918,0.0013971344733203495,0.0019755246113268843,0.011146790356181269,0.011115648517719068,0.011085653622270097
149,TUN,1325.47129,2019,1990.0,5660.28903741381,11113.8028778222,0.023538725146843742,1716.0,2012.0,2150.0,Tunisia,lower middle,390.52871000000005,686.52871,824.52871,1098.64175945739,0.17113122875910047,0.007458606091991893,0.009903442210020152,0.010697282254084728,0.021493516362816933,0.02153351086572375,0.02153996538248193
150,TUR,761.64796,2019,1990.0,12535.9196393844,28150.0589486703,0.028287579263843288,808.0,1098.0,1186.0,TÃ¼rkiye,upper middle,46.35203999999999,336.35204,424.35204,409.35094050041937,0.4625457402913291,0.0007550820192763208,0.0035953096879783875,0.004105009633131429,0.008857798335504041,0.0094696785008479,0.009569127257537335
151,TKM,1519.91315,2019,1990.0,7137.60372013329,14992.6039650936,0.02592270789978235,1638.0,2049.0,2242.0,Turkmenistan,upper middle,118.08684999999991,529.0868499999999,722.0868499999999,1140.3333226274776,0.24973784019996303,0.001972174591659659,0.005883718106211466,0.006970187060727939,0.01770603871644716,0.017767289855667112,0.017772766315397703
152,UGA,1752.14878,2019,1990.0,901.660809496259,2250.01492164686,0.03203531548922833,2172.0,2815.0,3059.0,Uganda,low,419.85122,1062.85122,1306.85122,1715.3975591702288,0.02097494302382885,0.021656483095542356,0.02789469724543525,0.02911169132525715,0.04188431295864681,0.04186079788144137,0.041840523057653733
153,UKR,404.8818,2019,1990.0,16428.48046875,12804.955078125,-0.008555749160214954,536.0,771.0,810.0,Ukraine,lower middle,131.1182,366.1182,405.1182,328.8597948224267,0.18776345387116267,0.007996223654423762,0.012773619222347099,0.013207624646838445,0.01704092480343178,0.018583699291933486,0.018723388062936497
154,ARE,3865.06517,2019,1990.0,105893.626059104,71782.1538362575,-0.013317396207980003,3999.0,4481.0,4819.0,United Arab Emirates,high,133.93483000000015,615.9348300000001,953.9348300000001,58.122841316765076,0.9849620022534407,,,,,,
155,GBR,40.05914,2019,1990.0,31308.1408749408,47088.2055266782,0.014173449069041721,107.0,171.0,275.0,United Kingdom,high,66.94086,130.94086,234.94086,23.84487657598047,0.40475815067471566,0.009282241043872874,0.012218518671507361,0.016142490965122214,,,
156,TZA,1974.18755,2019,1990.0,1338.01904296875,2577.78955078125,0.02286938013999773,2005.0,2683.0,2966.0,Tanzania,lower middle,30.8124499999999,708.8124499999999,991.8124499999999,1924.3372880201093,0.02525102641838195,0.004269338685123136,0.02278726745733728,0.02496437823405051,0.04012890240743383,0.04012218916158883,0.040100922390599036
157,USA,967.21914,2019,1990.0,40451.498404837,62470.9299128669,0.015098980577769261,1073.0,1398.0,1528.0,United States,high,105.78085999999996,430.78085999999996,560.78086,145.10217180738306,0.8499800450522691,0.00012182246961423004,0.00030641025729760685,0.00033656701674678047,,,
158,URY,627.54541,2019,1990.0,11112.7364045813,23552.842731429,0.02624025341470504,699.0,868.0,991.0,Uruguay,high,71.45459000000005,240.45459000000005,363.45459000000005,389.24419242404593,0.37973541639951447,0.0017836893463893944,0.004374910608691884,0.005525476374698357,0.010631427629663959,0.011260675398564679,0.01153144616776891
159,UZB,1080.56806,2019,1990.0,3638.87684030839,7403.74278036323,0.02479589739405985,1194.0,1609.0,1761.0,Uzbekistan,lower middle,113.43193999999994,528.4319399999999,680.4319399999999,971.47458492893,0.10095937415646927,0.005945394808920312,0.01368186559861373,0.015007027201659806,0.026361307088892394,0.026601350077474217,0.026638158836270964
160,VUT,2693.38866,2019,1990.0,2774.13834955161,3070.40405038143,0.003505058440042008,2455.0,2744.0,3003.0,Vanuatu,lower middle,-238.38866000000007,50.61133999999993,309.6113399999999,2606.768936973274,0.03216012761660858,,0.0040357346175714515,0.01303636165268296,0.03789050780632097,0.03787497771318926,0.03785461876721663
161,VNM,3034.63204,2019,1990.0,2099.39464903207,10252.0046223512,0.056206371496060115,3358.0,3840.0,4039.0,Vietnam,lower middle,323.36796000000004,805.36796,1004.36796,2542.61867891284,0.16213279059927144,0.0038144726072475432,0.00699971151086598,0.007901434801841134,0.022487777705905376,0.022437869250524045,0.022416549619193482
162,WSM,3105.88948,2019,1990.0,3655.95187219683,6346.25634091549,0.01919952300593586,3699.0,4082.0,4222.0,Samoa,upper middle,593.1105200000002,976.1105200000002,1116.1105200000002,2838.8917720563695,0.0859649738546493,0.009283180380719402,0.011871934568481235,0.012579727315605194,0.028524799009045587,0.028483671181215753,0.02846849280687791
163,ZMB,1596.08778,2019,1990.0,2290.03922595464,3372.3589795823,0.013435788993992226,1809.0,2443.0,2765.0,Zambia,lower middle,212.91221999999993,846.9122199999999,1168.91222,1538.419988933284,0.03613071398035261,0.013323718195783929,0.0223383090690914,0.024215814920457213,0.036662073928446226,0.03668967295329284,0.036672280855987616
164,ZWE,1442.73567,2019,1990.0,2704.75729926729,2203.39680951757,-0.007044450415645831,1498.0,2023.0,2255.0,Zimbabwe,lower middle,55.26432999999997,580.26433,812.26433,1413.3947744523266,0.020336986294705928,0.009437073983993072,0.02568751388538759,0.027897795581183882,0.042037455329034135,0.04214729304605247,0.04215454701686738
