ISO3,CDD,Year_ref,Year_past,GDP_past,GDP,gdp_historical_growth,CDD_ssp1_rcp26_2100,CDD_ssp2_rcp45_2100,CDD_ssp5_rcp60_2100,Country,income_group,CDD_ssp1_rcp26_2100_diff,CDD_ssp2_rcp45_2100_diff,CDD_ssp5_rcp60_2100_diff
AFG,876.75506,2019,2002.0,1280.46317065778,2079.92186098824,0.028946838096623573,1078.0,1346.0,1526.0,Afghanistan,low,201.24494000000004,469.24494000000004,649.24494
ALA,22.37274,2019,,,,,,,,Aland Islands,,,,
ALB,630.35247,2019,1990.0,4827.02770509029,13653.182207385,0.036503638229296476,828.0,1119.0,1189.0,Albania,upper middle,197.64752999999996,488.64752999999996,558.64753
DZA,1231.21753,2019,1990.0,8828.87447349486,11627.2799177398,0.009539228872294636,1407.0,1750.0,1855.0,Algeria,lower middle,175.7824700000001,518.7824700000001,623.7824700000001
ASM,3369.90188,2019,1990.0,,,,,,,American Samoa,upper middle,,,
AGO,2169.94281,2019,1990.0,5793.08451204045,6602.26921128365,0.00451874886480752,1758.0,2389.0,2630.0,Angola,lower middle,-411.94281,219.05719,460.05719
AIA,3053.58847,2019,,,,,,,,Anguilla,,,,
ATG,3051.24304,2019,1990.0,15264.3519217204,22908.6392551795,0.014098246654787427,,,,Antigua and Barbuda,high,,,
ARG,850.95843,2019,1990.0,14136.5254005803,22071.7480998394,0.01548195098552263,932.0,1217.0,1383.0,Argentina,upper middle,81.04156999999998,366.04157,532.04157
ARM,367.0943,2019,1990.0,5153.29821050756,14317.5528692827,0.03586433388488164,371.0,677.0,874.0,Armenia,upper middle,3.9057000000000244,309.9057,506.9057
ABW,3232.42202,2019,1990.0,30823.482503317,40780.5164846798,0.0096994136072166,,,,Aruba,high,,,
AUS,790.79296,2019,1990.0,31006.100226642,49379.093333787,0.016175749235966208,777.0,963.0,1128.0,Australia,high,-13.792959999999994,172.20704,337.20704
AUT,247.14882,2019,1990.0,37494.5604129864,55806.4382499366,0.013808026955007158,446.0,609.0,689.0,Austria,high,198.85118,361.85118,441.85118
AZE,793.054,2019,1990.0,7616.91027506113,14442.0408668016,0.022306271771311392,951.0,1344.0,1470.0,Azerbaijan,upper middle,157.94600000000003,550.946,676.946
BHS,2783.32722,2019,1990.0,35674.4556311246,33862.9446487499,-0.0017954058375363458,3061.0,3365.0,3521.0,Bahamas,high,277.6727799999999,581.6727799999999,737.6727799999999
BHR,3219.93,2019,1990.0,36997.7356016117,49768.9762142136,0.010277806196675066,,,,Bahrain,high,,,
BGD,2874.67348,2019,1990.0,1730.36894499325,5467.20752090206,0.04046748275006595,3335.0,4068.0,4142.0,Bangladesh,lower middle,460.3265200000001,1193.32652,1267.32652
BRB,3126.98589,2019,1990.0,14097.395549571,15954.802664829,0.004277045524265777,,,,Barbados,high,,,
BLR,166.58561,2019,1990.0,8895.17217109963,19288.0406878264,0.027048184288959165,357.0,551.0,577.0,Belarus,upper middle,190.41439,384.41439,410.41439
BEL,149.1616,2019,1990.0,35506.9265146541,51987.7139145095,0.013234382792935762,293.0,405.0,540.0,Belgium,high,143.8384,255.8384,390.8384
BLZ,3131.04039,2019,1990.0,6396.50071946363,9028.55148483032,0.011955065049643165,3189.0,3519.0,3760.0,Belize,upper middle,57.959609999999884,387.9596099999999,628.9596099999999
BEN,3506.26079,2019,1990.0,2109.55933453942,3156.43895692884,0.01399234783954717,3942.0,4424.0,4679.0,Benin,lower middle,435.7392100000002,917.7392100000002,1172.7392100000002
BMU,1657.21581,2019,1990.0,65961.4062780667,81681.7266682559,0.007398284638131969,,,,Bermuda,high,,,
BTN,688.24217,2019,1990.0,2737.99305333418,11797.2841991497,0.0516570258362683,1464.0,1674.0,1555.0,Bhutan,lower middle,775.75783,985.75783,866.75783
VEN,2698.63303,2019,1990.0,,,,3025.0,3536.0,3828.0,Venezuela,upper middle,326.36697000000004,837.36697,1129.36697
BES,3217.19379,2019,,,,,,,,"Bonaire, Saint Eustatius and Saba",,,,
BIH,329.4622,2019,1994.0,1730.12267827479,14851.6485875733,0.08980277801797243,546.0,827.0,861.0,Bosnia and Herzegovina,upper middle,216.5378,497.5378,531.5378000000001
BWA,1902.74742,2019,1990.0,9164.87250835745,15117.9906741015,0.01740867427431203,1964.0,2515.0,2700.0,Botswana,upper middle,61.25258000000008,612.2525800000001,797.2525800000001
BRA,2195.74083,2019,1990.0,10401.8424448513,14685.1278924674,0.011962443979586235,2224.0,2646.0,2890.0,Brazil,upper middle,28.259169999999813,450.2591699999998,694.2591699999998
IOT,0.0,2019,,,,,,,,British Indian Ocean Territory,,,,
BRN,3447.11289,2019,1990.0,70358.7240942878,61424.3643132688,-0.00467181902705871,3543.0,3884.0,4028.0,Brunei Darussalam,high,95.88711000000012,436.8871100000001,580.8871100000001
BGR,420.92849,2019,1990.0,12507.7284145491,23266.0693152803,0.021632359652777877,677.0,942.0,1017.0,Bulgaria,upper middle,256.07151,521.07151,596.07151
BFA,3993.88824,2019,1990.0,981.844761883421,2110.06231119074,0.026731724132555312,4311.0,4870.0,5211.0,Burkina Faso,low,317.1117599999998,876.1117599999998,1217.1117599999998
BDI,1078.00996,2019,1990.0,1175.15508588164,729.658462620426,-0.016299455680501507,1396.0,2213.0,2368.0,Burundi,low,317.9900399999999,1134.99004,1289.99004
KHM,3877.86749,2019,1993.0,1716.84095776483,4464.29444969141,0.03743862702703882,3952.0,4405.0,4655.0,Cambodia,lower middle,74.13250999999991,527.1325099999999,777.1325099999999
CMR,2657.92843,2019,1990.0,3483.1868621115,3756.50956165869,0.002608312242317501,2908.0,3500.0,3725.0,Cameroon,lower middle,250.07157000000007,842.0715700000001,1067.07157
CAN,160.29738,2019,1990.0,34562.8663465938,49175.6770500696,0.012233509242049578,335.0,579.0,582.0,Canada,high,174.70262,418.70262,421.70262
CPV,1832.51813,2019,1990.0,1816.02474316339,7793.31178929428,0.0515109584680824,,,,Cabo Verde,lower middle,,,
CYM,3373.68059,2019,2006.0,84778.3842608364,72432.5012829436,-0.012033586889340753,,,,Cayman Islands,high,,,
CAF,3003.84314,2019,1990.0,1200.61339024031,861.766788755873,-0.011369465805149415,3082.0,3761.0,4007.0,Central African Republic,low,78.15686000000005,757.15686,1003.15686
TCD,3748.54714,2019,1990.0,1027.24442257679,1561.99667256928,0.014556131166957309,4108.0,4595.0,4976.0,Chad,low,359.4528599999999,846.4528599999999,1227.4528599999999
CHL,175.72575,2019,1990.0,9701.82379080639,24809.8609735994,0.03290663500243607,106.0,190.0,241.0,Chile,high,-69.72575,14.274249999999995,65.27425
COL,1429.38555,2019,1990.0,8434.95933574977,14616.1351241706,0.019137408971884096,1874.0,2185.0,2252.0,Colombia,upper middle,444.61445000000003,755.61445,822.61445
COM,2996.85716,2019,1990.0,2922.71225211885,3290.65052676586,0.004097102514684092,2580.0,2909.0,3119.0,Comoros,lower middle,-416.85716,-87.85716000000002,122.14283999999998
COK,2517.26043,2019,,,,,,,,Cook Islands,,,,
CRI,1304.31538,2019,1990.0,9810.55130671056,20818.061678299,0.026282996861516583,2417.0,2878.0,3065.0,Costa Rica,upper middle,1112.68462,1573.68462,1760.68462
CIV,3121.59607,2019,1990.0,4351.47678203302,5132.34156942981,0.0057074923588851245,3554.0,4067.0,4280.0,Cote d'Ivoire,lower middle,432.40392999999995,945.40393,1158.40393
HRV,521.68235,2019,1995.0,15083.558943419,29347.5161917663,0.028121592509674054,772.0,1077.0,1117.0,Croatia,high,250.31764999999996,555.31765,595.31765
CUB,2940.76454,2019,1990.0,,,,3161.0,3534.0,3684.0,Cuba,upper middle,220.23545999999988,593.2354599999999,743.2354599999999
CUW,3232.31097,2019,2000.0,28613.9000650843,23659.2347332019,-0.009957414552160926,,,,Curacao,high,,,
CYP,1570.97282,2019,1990.0,25232.609375,41739.46484375,0.017506995788090896,1660.0,1881.0,2007.0,Cyprus,high,89.02718000000004,310.02718000000004,436.02718000000004
CZE,247.12542,2019,1990.0,23585.1814938054,40989.7266228223,0.019241495776139983,389.0,524.0,620.0,Czechia,high,141.87458,276.87458000000004,372.87458000000004
PRK,532.02947,2019,1990.0,,,,632.0,807.0,907.0,North Korea,low,99.97053000000005,274.97053000000005,374.97053000000005
COD,2184.36589,2019,1990.0,1750.16973868902,1059.89211136718,-0.01714598327980532,2589.0,3266.0,3506.0,DR Congo,low,404.63410999999996,1081.63411,1321.63411
DNK,62.27477,2019,1990.0,39027.9787365148,56813.9641554635,0.013032584827722182,126.0,207.0,287.0,Denmark,high,63.72523,144.72523,224.72523
DJI,3816.20573,2019,2013.0,3664.26803619943,4768.11300470727,0.04486428412866439,4081.0,4573.0,4828.0,Djibouti,lower middle,264.79426999999987,756.7942699999999,1011.7942699999999
DMA,2916.25068,2019,1990.0,7855.8210423106,12395.4204702077,0.015850945198033317,,,,Dominica,upper middle,,,
DOM,2698.51589,2019,1990.0,6207.11211279231,18171.0609627655,0.037733617687016,2765.0,3118.0,3346.0,Dominican Republic,upper middle,66.48410999999987,419.4841099999999,647.4841099999999
ECU,1383.03963,2019,1990.0,8120.00116107894,11390.2169659569,0.011738169239754681,2776.0,2561.0,2608.0,Ecuador,upper middle,1392.96037,1177.96037,1224.96037
EGY,2169.35584,2019,1990.0,6291.70540537498,11780.9620965028,0.021865014051010823,2193.0,2562.0,2847.0,Egypt,lower middle,23.64415999999983,392.64415999999983,677.6441599999998
SLV,3111.70808,2019,1990.0,5191.97145510929,9023.0265751173,0.019240212363084153,2927.0,3454.0,3534.0,El Salvador,lower middle,-184.70807999999988,342.2919200000001,422.2919200000001
GNQ,2531.12831,2019,1990.0,936.419750712983,16240.3698101562,0.10338851798872883,2733.0,3212.0,3407.0,Equatorial Guinea,upper middle,201.87168999999994,680.87169,875.87169
ERI,2530.40784,2019,1990.0,,,,2630.0,3205.0,3481.0,Eritrea,low,99.59216000000015,674.5921600000001,950.5921600000001
EST,59.12205,2019,1995.0,12730.7174142214,36153.4319482746,0.044449293580959504,171.0,278.0,331.0,Estonia,high,111.87795,218.87795,271.87795
ETH,988.72931,2019,1990.0,767.170418557348,2181.65887703263,0.03669630738675922,1146.0,1814.0,1982.0,Ethiopia,low,157.27068999999995,825.27069,993.27069
FRO,0.0,2019,1990.0,,,,,,,Faroe Islands,high,,,
FLK,0.0,2019,,,,,,,,Falkland Islands,,,,
FJI,2627.50087,2019,1990.0,7889.87858590517,13241.3539504487,0.018014267380145776,2302.0,2662.0,2885.0,Fiji,upper middle,-325.50086999999985,34.49913000000015,257.49913000000015
FIN,47.37731,2019,1990.0,32939.3832880618,48583.4339897935,0.013490657869530631,119.0,189.0,241.0,Finland,high,71.62269,141.62269,193.62269
FRA,308.48687,2019,1990.0,33843.0203949502,45922.7947390313,0.010580715945510688,467.0,661.0,791.0,France,high,158.51313,352.51313,482.51313
GUF,3047.23624,2019,,,,,3286.0,3627.0,3911.0,French Guiana,,238.76375999999982,579.7637599999998,863.7637599999998
PYF,2827.62285,2019,1990.0,,,,1669.0,1944.0,2020.0,French Polynesia,high,-1158.6228500000002,-883.6228500000002,-807.6228500000002
ATF,0.0,2019,,,,,,,,French Southern Territories,,,,
GAB,2767.9213,2019,1990.0,17559.0061141964,14478.0017220931,-0.006630904515670388,3216.0,3727.0,3928.0,Gabon,upper middle,448.0787,959.0787,1160.0787
GMB,3237.72329,2019,1990.0,2080.15808488147,2083.3090583462,5.219549477319951e-05,3861.0,4258.0,4424.0,Gambia,low,623.2767100000001,1020.2767100000001,1186.27671
GEO,436.60517,2019,1990.0,11135.4628892798,14989.2581602038,0.010300932762076664,523.0,877.0,1056.0,Georgia,upper middle,86.39483000000001,440.39483,619.39483
DEU,213.08829,2019,1990.0,36699.4817033163,53874.3166510099,0.01332563399251474,336.0,484.0,612.0,Germany,high,122.91171,270.91170999999997,398.91170999999997
GHA,3433.25176,2019,1990.0,2299.63879373958,5345.94159228145,0.02951638162913528,3851.0,4333.0,4581.0,Ghana,lower middle,417.7482399999999,899.7482399999999,1147.74824
GRC,947.01236,2019,1990.0,24262.8425808592,29721.5857620428,0.00702203995147177,1045.0,1300.0,1376.0,Greece,high,97.98764000000006,352.98764000000006,428.98764000000006
GRL,0.00023,2019,1990.0,,,,0.0,,0.0,Greenland,high,-0.00023,,-0.00023
GRD,3171.355,2019,1990.0,8571.96740286013,15394.0304271941,0.020394229954595167,,,,Grenada,upper middle,,,
GLP,2947.90694,2019,,,,,,,,Guadeloupe,,,,
GUM,3399.24969,2019,1990.0,,,,,,,Guam,high,,,
GTM,1350.35619,2019,1990.0,5561.07068412655,8673.00201631063,0.015443006355923883,1698.0,2273.0,2306.0,Guatemala,upper middle,347.64381000000003,922.64381,955.64381
GGY,7.40108,2019,,,,,,,,Guernsey,,,,
GIN,3036.38941,2019,1990.0,1507.19852172471,2545.1402015108,0.01823084776178896,3232.0,3794.0,4036.0,Guinea,low,195.61058999999977,757.6105899999998,999.6105899999998
GNB,3557.95151,2019,1990.0,1998.17320635701,1890.53310322385,-0.0019076440552734386,3738.0,4156.0,4389.0,Guinea-Bissau,low,180.04849000000013,598.0484900000001,831.0484900000001
GUY,3068.10472,2019,1990.0,4818.38799518684,12820.4897019679,0.034320829053880786,3569.0,4028.0,4367.0,Guyana,upper middle,500.8952800000002,959.8952800000002,1298.8952800000002
HTI,2759.37184,2019,1990.0,3612.81510511417,3112.29594285407,-0.005129096784696974,2967.0,3324.0,3563.0,Haiti,low,207.6281600000002,564.6281600000002,803.6281600000002
HMD,0.0,2019,,,,,,,,Heard and McDonald Islands,,,,
HND,2230.23759,2019,1990.0,3912.70204526407,5613.66058791544,0.01252519908201144,2406.0,2886.0,2950.0,Honduras,lower middle,175.76240999999982,655.7624099999998,719.7624099999998
HKG,2274.48656,2019,1990.0,28797.7030873198,59592.0344814547,0.025393835412524712,2608.0,3005.0,3110.0,Hong Kong,high,333.5134400000002,730.5134400000002,835.5134400000002
HUN,475.55314,2019,1991.0,16426.9405835293,32645.6637288361,0.024831481087231433,735.0,941.0,990.0,Hungary,high,259.44686,465.44686,514.44686
ISL,0.0,2019,1995.0,33666.1804992579,56584.1686827215,0.02187053998927757,0.0,0.0,1.0,Iceland,high,0.0,0.0,1.0
IND,3005.54795,2019,1990.0,1819.02159651277,6617.12986868393,0.045536088126231666,3478.0,3984.0,4115.0,India,lower middle,472.4520499999999,978.4520499999999,1109.4520499999999
IDN,2912.33378,2019,1990.0,4519.72279421074,11857.7891170417,0.0338190940430918,3517.0,3929.0,4138.0,Indonesia,upper middle,604.6662200000001,1016.6662200000001,1225.66622
IRQ,2913.10609,2019,1990.0,7449.47165519372,10299.3162890193,0.011232770883830456,3029.0,3505.0,3778.0,Iraq,upper middle,115.89390999999978,591.8939099999998,864.8939099999998
IRL,4.23573,2019,1990.0,26781.6276093907,86925.9065817976,0.041433293055659126,28.0,59.0,93.0,Ireland,high,23.76427,54.764269999999996,88.76427
IRN,1354.99549,2019,1990.0,9442.24811639528,14084.3535121898,0.013884136197312325,1505.0,1880.0,2090.0,Iran,upper middle,150.00450999999998,525.00451,735.00451
IMN,0.0,2019,1990.0,,,,,,,Isle of Man,high,,,
ISR,1537.09814,2019,1995.0,26891.425122526,41151.0067396475,0.017884755764003835,1651.0,2044.0,2270.0,Israel,high,113.90185999999994,506.90185999999994,732.9018599999999
ITA,681.71964,2019,1990.0,36585.6799028741,42739.0499116836,0.005374949203398538,799.0,1101.0,1166.0,Italy,high,117.28035999999997,419.28036,484.28036
JAM,3097.91909,2019,1990.0,8692.50223491895,10244.3661921245,0.0056804547605158184,2797.0,3119.0,3348.0,Jamaica,upper middle,-300.91908999999987,21.08091000000013,250.08091000000013
JPN,879.84362,2019,1990.0,32846.3896070232,41654.3279152693,0.00822548775539822,1066.0,1197.0,1402.0,Japan,high,186.15638,317.15638,522.15638
JEY,22.22214,2019,,,,,,,,Jersey,,,,
JOR,1481.92829,2019,1990.0,8127.6265386227,9534.6609493486,0.0055208647203743855,1579.0,1984.0,2196.0,Jordan,upper middle,97.07170999999994,502.07170999999994,714.0717099999999
KAZ,543.91172,2019,1990.0,13475.6398976651,26351.8044418782,0.02339544922200365,595.0,904.0,986.0,Kazakhstan,upper middle,51.088280000000054,360.08828000000005,442.08828000000005
KEN,1471.73062,2019,1990.0,3655.36205689276,4601.21137258037,0.007966894507559497,1420.0,2021.0,2190.0,Kenya,lower middle,-51.730620000000044,549.26938,718.26938
KIR,3543.26065,2019,1990.0,2045.27227844342,1963.53488352412,-0.0014053757834251446,,,,Kiribati,lower middle,,,
KOR,755.0332,2019,1990.0,12656.3960621654,42758.5903686092,0.04287316848200917,940.0,1105.0,1287.0,South Korea,high,184.96680000000003,349.96680000000003,531.9668
XKX,371.80004,2019,2008.0,7032.45229722004,11318.462250308,0.04421312660947341,,,,Kosovo,upper middle,,,
KWT,3462.88263,2019,1992.0,41446.9637511501,47314.7968373973,0.004916060966189573,3903.0,4355.0,4696.0,Kuwait,high,440.11736999999994,892.1173699999999,1233.11737
KGZ,252.31133,2019,1990.0,5158.31756938857,5258.36669631142,0.0006626329145367205,221.0,455.0,543.0,Kyrgyz Republic,lower middle,-31.311329999999998,202.68867,290.68867
LAO,2620.65878,2019,1990.0,1939.08623861287,7840.07138309428,0.04935268732508735,2876.0,3496.0,3703.0,Laos,lower middle,255.3412199999998,875.3412199999998,1082.3412199999998
LVA,104.04162,2019,1995.0,9599.14600512054,31038.6792668747,0.05011358412832312,221.0,360.0,409.0,Latvia,high,116.95838,255.95838,304.95838000000003
LBN,1056.62027,2019,1990.0,5855.80521329743,17185.0470183692,0.03782206537874089,1050.0,1345.0,1544.0,Lebanon,upper middle,-6.620269999999891,288.3797300000001,487.3797300000001
LSO,229.16774,2019,1990.0,1265.91890955313,2452.02766699795,0.023058979772033084,242.0,402.0,519.0,Lesotho,lower middle,12.832259999999991,172.83226,289.83226
LBR,2922.18878,2019,2000.0,1725.14489392022,1455.63764867217,-0.008900521760791147,3204.0,3708.0,3896.0,Liberia,low,281.81122000000005,785.81122,973.81122
LBY,1725.61074,2019,1999.0,26668.4443358796,22535.4456198617,-0.008384233407065733,1949.0,2317.0,2464.0,Libya,upper middle,223.38925999999992,591.3892599999999,738.3892599999999
LTU,150.80232,2019,1995.0,10640.3600314613,37184.4536013211,0.05351780152665708,258.0,417.0,460.0,Lithuania,high,107.19767999999999,266.19768,309.19768
LUX,165.42047,2019,1990.0,70860.8191239509,114542.496933956,0.0166974647952447,334.0,505.0,637.0,Luxembourg,high,168.57953,339.57953,471.57953
MDG,1609.82872,2019,1990.0,1808.74353873908,1585.47165110942,-0.004532816052504773,1511.0,2028.0,2117.0,Madagascar,low,-98.82871999999998,418.17128,507.17128
MWI,1529.49885,2019,1990.0,936.986299651878,1517.70316939192,0.016769564886886412,1848.0,2513.0,2809.0,Malawi,low,318.50115000000005,983.50115,1279.50115
MYS,3342.81154,2019,1990.0,10607.7680731014,27674.3974895709,0.03361901022731417,3306.0,3818.0,3986.0,Malaysia,upper middle,-36.81154000000015,475.18845999999985,643.1884599999998
MDV,3514.0788,2019,1995.0,10430.7886458859,20574.4044296743,0.028707932196708752,,,,Maldives,upper middle,,,
MLI,3969.02617,2019,1990.0,1336.57190539601,2219.04674252443,0.017635411604186357,4323.0,4902.0,5286.0,Mali,low,353.9738299999999,932.9738299999999,1316.97383
MLT,1101.27582,2019,1990.0,16127.8315252544,45881.4902544427,0.03671001594709722,,,,Malta,high,,,
MHL,3422.92911,2019,1990.0,3426.44047645492,5647.16480543959,0.01737794741734655,,,,Marshall Islands,upper middle,,,
MTQ,2991.68163,2019,,,,,,,,Martinique,,,,
MRT,3721.76061,2019,1990.0,4611.94118707035,5505.64633125718,0.006126460153105917,4479.0,4998.0,5274.0,Mauritania,lower middle,757.2393900000002,1276.2393900000002,1552.2393900000002
MUS,2376.85923,2019,1990.0,8233.91191179834,23676.4135788934,0.037092696623525434,2263.0,2616.0,2775.0,Mauritius,high,-113.85923000000003,239.14076999999997,398.14077
MYT,3189.51022,2019,,,,,,,,Mayotte,,,,
MEX,1233.20239,2019,1990.0,15218.3084360329,20064.5004997154,0.00957844118197615,1269.0,1595.0,1856.0,Mexico,upper middle,35.79761000000008,361.7976100000001,622.7976100000001
FSM,3428.10057,2019,1990.0,2925.35863300248,3540.84378746852,0.006606137800392098,,,,"Micronesia, Fed. Sts.",lower middle,,,
MNG,121.57768,2019,1990.0,5030.07325208107,12458.0184257633,0.031767597498466804,167.0,305.0,357.0,Mongolia,lower middle,45.42232,183.42232,235.42232
MNE,384.05217,2019,1997.0,12579.285087423,21533.963774298,0.02473644590428048,389.0,625.0,662.0,Montenegro,upper middle,4.94783000000001,240.94783,277.94783
MSR,3064.02033,2019,,,,,,,,Montserrat,,,,
MAR,897.2608,2019,1990.0,4119.8720703125,8217.5986328125,0.024094517632962775,1141.0,1480.0,1591.0,Morocco,lower middle,243.73919999999998,582.7392,693.7392
MOZ,2251.88349,2019,1990.0,460.123696680511,1285.18275959651,0.03605407640082814,2551.0,3101.0,3418.0,Mozambique,low,299.11650999999983,849.1165099999998,1166.1165099999998
MMR,3027.15466,2019,1990.0,581.613311207808,4829.53670703209,0.07571940905911245,3353.0,3920.0,4094.0,Myanmar,lower middle,325.84533999999985,892.8453399999999,1066.8453399999999
NAM,2077.20185,2019,1990.0,6223.45299390074,10009.578071046,0.01652181210744197,1737.0,2384.0,2624.0,Namibia,upper middle,-340.2018499999999,306.7981500000001,546.7981500000001
NRU,3505.35762,2019,2004.0,5342.33055126122,10529.8131940478,0.04627535113473469,,,,Nauru,high,,,
NPL,1619.24067,2019,1990.0,1554.6020430045,3922.08133124638,0.0324250411926752,2109.0,2530.0,2694.0,Nepal,lower middle,489.7593300000001,910.7593300000001,1074.75933
NLD,134.09884,2019,1990.0,36461.4190196424,56784.0372529824,0.015393154166584377,200.0,289.0,394.0,Netherlands,high,65.90116,154.90116,259.90116
NCL,1547.36375,2019,1990.0,,,,1805.0,2036.0,2351.0,New Caledonia,high,257.63625,488.63625,803.63625
NZL,155.26919,2019,1990.0,27998.3977677454,43272.5669090792,0.015126071783313266,166.0,297.0,355.0,New Zealand,high,10.730809999999991,141.73081,199.73081
NIC,3015.66863,2019,1990.0,3409.79425137619,5398.09441484394,0.01596731079538305,3202.0,3605.0,3779.0,Nicaragua,lower middle,186.33136999999988,589.3313699999999,763.3313699999999
NER,3954.08747,2019,1990.0,1077.91146474223,1217.44598648234,0.004206403936683367,4443.0,5022.0,5406.0,Niger,low,488.91253000000006,1067.91253,1451.91253
NGA,3251.74999,2019,1990.0,3259.58117509029,5076.36829020617,0.015393043020967223,3721.0,4279.0,4545.0,Nigeria,lower middle,469.2500100000002,1027.2500100000002,1293.2500100000002
NIU,2774.5986,2019,,,,,,,,Niue,,,,
NFK,828.99597,2019,,,,,,,,Norfolk Island,,,,
MNP,3404.45195,2019,1990.0,,,,,,,Northern Mariana Islands,high,,,
NOR,26.5493,2019,1990.0,42302.2634118752,64983.3542076922,0.014913231446203268,57.0,91.0,150.0,Norway,high,30.4507,64.4507,123.4507
OMN,3571.08601,2019,1990.0,30462.2010842738,33814.1116228719,0.003606197521739407,3396.0,3826.0,4090.0,Oman,high,-175.08601,254.91399,518.91399
PAK,2683.01501,2019,1990.0,3061.53338764049,5157.546571801,0.01814700534083724,3292.0,3578.0,3760.0,Pakistan,lower middle,608.9849899999999,894.9849899999999,1076.98499
PLW,3389.6163,2019,2000.0,13301.2542482505,17605.7854390714,0.014865686651683419,,,,Palau,high,,,
PAN,2888.57141,2019,1990.0,11211.8311737749,32788.3325108816,0.03769671218445403,3045.0,3422.0,3691.0,Panama,high,156.42858999999999,533.42859,802.42859
PNG,1424.25797,2019,1990.0,2907.40181039141,3947.93392384711,0.010605239407552425,2586.0,2966.0,3251.0,Papua New Guinea,lower middle,1161.74203,1541.74203,1826.74203
PRY,2067.12364,2019,1990.0,8818.62937058954,13609.72300919,0.015075191337133198,2077.0,2753.0,2899.0,Paraguay,upper middle,9.876360000000204,685.8763600000002,831.8763600000002
CHN,1152.79527,2019,1990.0,1423.89634790711,15977.7638279876,0.0869465635648794,1344.0,1581.0,1764.0,China,upper middle,191.20472999999993,428.2047299999999,611.2047299999999
PER,604.3276,2019,1990.0,5240.25762333255,12735.16827797,0.03109420621447545,1254.0,1381.0,1508.0,Peru,upper middle,649.6724,776.6724,903.6724
PHL,3262.38354,2019,1990.0,4232.47759456684,8731.86086888555,0.025286516885039134,3361.0,3666.0,3867.0,Philippines,lower middle,98.61646000000019,403.6164600000002,604.6164600000002
PCN,1803.73154,2019,,,,,,,,Pitcairn,,,,
BOL,963.39522,2019,1990.0,4437.86683057006,8528.74880360829,0.022782149926718676,1913.0,1835.0,2006.0,Bolivia,lower middle,949.60478,871.60478,1042.6047800000001
POL,252.14149,2019,1990.0,11259.4374539943,33159.7644200741,0.037948201747651344,355.0,510.0,573.0,Poland,high,102.85851,257.85851,320.85851
PRT,294.47128,2019,1990.0,23556.8562074936,34945.6615139469,0.01369211120575442,643.0,860.0,965.0,Portugal,high,348.52872,565.52872,670.52872
PRI,2860.65615,2019,1990.0,21595.9785599867,34792.6467473505,0.01658075102326695,2610.0,2890.0,3147.0,Puerto Rico,high,-250.6561499999998,29.343850000000202,286.3438500000002
QAT,3674.9178,2019,2000.0,79400.4334133216,90840.429077198,0.007109395441585731,4247.0,4707.0,5115.0,Qatar,high,572.0821999999998,1032.0821999999998,1440.0821999999998
MDA,487.04149,2019,1995.0,5617.90810461968,12776.9218268725,0.034829538708746055,676.0,904.0,937.0,Moldova,lower middle,188.95851,416.95851,449.95851
MKD,460.43918,2019,1990.0,11111.2456377054,16773.081717702,0.014301914724352827,570.0,852.0,920.0,North Macedonia,upper middle,109.56081999999998,391.56082,459.56082
COG,2717.22163,2019,1990.0,5007.31924472282,3695.06169357,-0.010424711062097303,3006.0,3727.0,3952.0,Congo Republic,lower middle,288.77837,1009.77837,1234.77837
REU,1700.9162,2019,,,,,,,,Reunion,,,,
ROU,463.8894,2019,1990.0,13376.1021638667,30000.977830377,0.02824534684567559,677.0,923.0,999.0,Romania,high,213.11059999999998,459.1106,535.1106
RUS,201.01531,2019,1990.0,21482.748046875,27254.57421875,0.008239663171199396,359.0,597.0,612.0,Russia,upper middle,157.98469,395.98469,410.98469
RWA,725.05754,2019,1990.0,933.013442984018,2190.6709601992,0.029869953886457745,961.0,1698.0,1900.0,Rwanda,low,235.94245999999998,972.94246,1174.94246
SHN,1542.35556,2019,,,,,,,,St. Helena,,,,
KNA,3063.24963,2019,1990.0,14178.6701029728,31194.6958348091,0.027562997988695992,,,,St. Kitts and Nevis,high,,,
LCA,3135.14278,2019,1990.0,11418.9771317943,15460.7100350716,0.010503932569942531,,,,St. Lucia,upper middle,,,
SPM,1.37555,2019,,,,,,,,St. Pierre and Miquelon,,,,
VCT,3161.65295,2019,1990.0,6480.04231703346,14183.2389300494,0.027379630656673593,3748.0,4032.0,4341.0,St. Vincent and the Grenadines,upper middle,586.3470499999999,870.3470499999999,1179.3470499999999
BLM,3057.9333,2019,,,,,,,,St. Barths,,,,
STP,2998.90766,2019,2001.0,2558.98351157163,4013.72189725452,0.025321320904596822,,,,Sao Tome and Principe,lower middle,,,
SAU,3540.35991,2019,1990.0,42163.801724703,47024.5443161916,0.0037694178667166955,3495.0,4055.0,4384.0,Saudi Arabia,high,-45.35991000000013,514.6400899999999,843.6400899999999
SEN,3172.68754,2019,1990.0,2469.60318819172,3430.48388209103,0.011397002748277929,3763.0,4177.0,4373.0,Senegal,lower middle,590.3124600000001,1004.3124600000001,1200.31246
SRB,522.21073,2019,1995.0,7752.20257571563,18306.8118974969,0.0364526913184271,756.0,1021.0,1086.0,Serbia,upper middle,233.78927,498.78927,563.78927
SYC,3225.93412,2019,1990.0,15538.8028339525,29190.5502595482,0.02197961199852183,,,,Seychelles,high,,,
SLE,3070.6211,2019,1990.0,1433.118655869,1655.84325026579,0.0049937185681903085,3507.0,4015.0,4203.0,Sierra Leone,low,436.37890000000016,944.3789000000002,1132.3789000000002
SGP,3462.52999,2019,1990.0,37326.3042375656,98455.3282334375,0.03401055871936842,,,,Singapore,high,,,
SXM,3069.87851,2019,2009.0,41969.4043812383,37570.5696994934,-0.011010917408161514,,,,Sint Maarten,high,,,
SVK,290.60547,2019,1992.0,11695.3492278696,32056.2997333253,0.038050604680246236,442.0,602.0,683.0,Slovakia,high,151.39452999999997,311.39453,392.39453
SVN,350.47239,2019,1995.0,21480.327975747,39034.2332483558,0.025199843063612892,486.0,763.0,780.0,Slovenia,high,135.52760999999998,412.52761,429.52761
SLB,3151.46672,2019,1990.0,2192.10302486372,2616.9084045149,0.006126700694552678,3086.0,3454.0,3678.0,Solomon Islands,lower middle,-65.4667199999999,302.5332800000001,526.5332800000001
SOM,3207.82899,2019,2013.0,889.16667704912,1138.28593747493,0.042024744340001696,3805.0,4235.0,4484.0,Somalia,low,597.17101,1027.17101,1276.17101
ZAF,824.97062,2019,1990.0,10391.9641372069,13852.20596866,0.009960021249443063,1025.0,1386.0,1570.0,South Africa,upper middle,200.02937999999995,561.02938,745.02938
SGS,0.0,2019,,,,,,,,South Georgia and South Sandwich Is.,,,,
SSD,3610.00257,2019,1990.0,,,,4217.0,4811.0,5079.0,South Sudan,low,606.9974299999999,1200.99743,1468.99743
ESP,688.24775,2019,1990.0,27543.221532287,40782.2350436035,0.013626142735464919,837.0,1155.0,1223.0,Spain,high,148.75225,466.75225,534.75225
LKA,3119.25796,2019,1990.0,4040.02841677856,13639.0218853482,0.04284712575471916,3422.0,3805.0,3948.0,Sri Lanka,lower middle,302.7420400000001,685.7420400000001,828.7420400000001
PSE,1603.84507,2019,1994.0,3951.20549285021,6245.44869712345,0.01848200743902151,1607.0,2029.0,2272.0,Palestine,lower middle,3.154929999999922,425.1549299999999,668.1549299999999
SDN,3927.35561,2019,1990.0,2756.53002929688,4133.13037109375,0.014065673524947364,4435.0,5056.0,5471.0,Sudan,low,507.64438999999993,1128.64439,1543.64439
SUR,3173.00176,2019,1990.0,13633.7507927564,18449.1992080755,0.010484671660433653,3615.0,3978.0,4278.0,Suriname,upper middle,441.9982399999999,804.9982399999999,1104.99824
SJM,0.0,2019,,,,,,,,Svalbard and Jan Mayen Islands,,,,
SWZ,970.20666,2019,1990.0,4909.26630206767,8501.26632860999,0.019114547587192776,1472.0,1920.0,2180.0,Eswatini,lower middle,501.79333999999994,949.79334,1209.79334
SWE,51.60369,2019,1990.0,34156.8202971425,52850.5691792533,0.015165788857880225,117.0,176.0,245.0,Sweden,high,65.39631,124.39631,193.39631
CHE,153.07716,2019,1990.0,56232.0260800298,69923.9312089954,0.007542839468984486,245.0,460.0,537.0,Switzerland,high,91.92284000000001,306.92284,383.92284
SYR,1543.93173,2019,1990.0,,,,1745.0,2162.0,2322.0,Syria,low,201.06826999999998,618.06827,778.06827
TJK,820.52581,2019,1990.0,3990.8690350085,3575.28195629146,-0.0037847153088489405,912.0,1294.0,1485.0,Tajikistan,low,91.47419000000002,473.47419,664.47419
THA,3679.84641,2019,1990.0,7273.05910474223,17997.1330707129,0.031735775601262395,3925.0,4436.0,4726.0,Thailand,upper middle,245.1535899999999,756.1535899999999,1046.15359
TLS,2392.45886,2019,2000.0,2314.81009900916,3737.79654389172,0.025540100685612632,2860.0,3261.0,3529.0,Timor-Leste,lower middle,467.5411399999998,868.5411399999998,1136.5411399999998
TGO,3483.11151,2019,1990.0,1740.3102860814,2073.12978101301,0.006052588657428082,3753.0,4227.0,4470.0,Togo,low,269.8884899999998,743.8884899999998,986.8884899999998
TKL,3528.56878,2019,,,,,,,,Tokelau,,,,
TON,2420.33962,2019,1990.0,3625.49964148949,6344.42144807383,0.019483364138272563,,,,Tonga,upper middle,,,
TTO,3141.20648,2019,1990.0,9766.81788994698,25306.6179563327,0.03337503694677468,3338.0,3647.0,3933.0,Trinidad and Tobago,high,196.79352000000017,505.79352000000017,791.7935200000002
TUN,1325.47129,2019,1990.0,5660.28903741381,11113.8028778222,0.023538725146843742,1716.0,2012.0,2150.0,Tunisia,lower middle,390.52871000000005,686.52871,824.52871
TUR,761.64796,2019,1990.0,12535.9196393844,28150.0589486703,0.028287579263843288,808.0,1098.0,1186.0,TÃ¼rkiye,upper middle,46.35203999999999,336.35204,424.35204
TKM,1519.91315,2019,1990.0,7137.60372013329,14992.6039650936,0.02592270789978235,1638.0,2049.0,2242.0,Turkmenistan,upper middle,118.08684999999991,529.0868499999999,722.0868499999999
TCA,3120.64259,2019,2011.0,25731.2832531353,25933.5112061295,0.0009790417588941835,,,,Turks and Caicos Islands,high,,,
TUV,3544.9044,2019,1990.0,2703.29377494064,4831.73372549984,0.020227176301141903,,,,Tuvalu,upper middle,,,
UGA,1752.14878,2019,1990.0,901.660809496259,2250.01492164686,0.03203531548922833,2172.0,2815.0,3059.0,Uganda,low,419.85122,1062.85122,1306.85122
UKR,404.8818,2019,1990.0,16428.48046875,12804.955078125,-0.008555749160214954,536.0,771.0,810.0,Ukraine,lower middle,131.1182,366.1182,405.1182
ARE,3865.06517,2019,1990.0,105893.626059104,71782.1538362575,-0.013317396207980003,3999.0,4481.0,4819.0,United Arab Emirates,high,133.93483000000015,615.9348300000001,953.9348300000001
GBR,40.05914,2019,1990.0,31308.1408749408,47088.2055266782,0.014173449069041721,107.0,171.0,275.0,United Kingdom,high,66.94086,130.94086,234.94086
TZA,1974.18755,2019,1990.0,1338.01904296875,2577.78955078125,0.02286938013999773,2005.0,2683.0,2966.0,Tanzania,lower middle,30.8124499999999,708.8124499999999,991.8124499999999
USA,967.21914,2019,1990.0,40451.498404837,62470.9299128669,0.015098980577769261,1073.0,1398.0,1528.0,United States,high,105.78085999999996,430.78085999999996,560.78086
UMI,0.0,2019,,,,,,,,United States Minor Outlying Islands,,,,
VIR,3108.07969,2019,1990.0,,,,,,,United States Virgin Islands,high,,,
URY,627.54541,2019,1990.0,11112.7364045813,23552.842731429,0.02624025341470504,699.0,868.0,991.0,Uruguay,high,71.45459000000005,240.45459000000005,363.45459000000005
UZB,1080.56806,2019,1990.0,3638.87684030839,7403.74278036323,0.02479589739405985,1194.0,1609.0,1761.0,Uzbekistan,lower middle,113.43193999999994,528.4319399999999,680.4319399999999
VUT,2693.38866,2019,1990.0,2774.13834955161,3070.40405038143,0.003505058440042008,2455.0,2744.0,3003.0,Vanuatu,lower middle,-238.38866000000007,50.61133999999993,309.6113399999999
VNM,3034.63204,2019,1990.0,2099.39464903207,10252.0046223512,0.056206371496060115,3358.0,3840.0,4039.0,Vietnam,lower middle,323.36796000000004,805.36796,1004.36796
WLF,3400.16776,2019,,,,,,,,Wallis and Futuna Islands,,,,
ESH,927.1119,2019,,,,,2632.0,3105.0,3257.0,Western Sahara,,1704.8881000000001,2177.8881,2329.8881
WSM,3105.88948,2019,1990.0,3655.95187219683,6346.25634091549,0.01919952300593586,3699.0,4082.0,4222.0,Samoa,upper middle,593.1105200000002,976.1105200000002,1116.1105200000002
YEM,2152.03753,2019,1990.0,,,,1853.0,2348.0,2481.0,Yemen,low,-299.03753000000006,195.96246999999994,328.96246999999994
ZMB,1596.08778,2019,1990.0,2290.03922595464,3372.3589795823,0.013435788993992226,1809.0,2443.0,2765.0,Zambia,lower middle,212.91221999999993,846.9122199999999,1168.91222
ZWE,1442.73567,2019,1990.0,2704.75729926729,2203.39680951757,-0.007044450415645831,1498.0,2023.0,2255.0,Zimbabwe,lower middle,55.26432999999997,580.26433,812.26433
